Question ID,Category,Method,Gold ID,First Relevant Rank,Recall@1,Recall@3,Recall@5,Recall@10,MRR,nDCG@5,nDCG@10,Time ms,Gold Found,Top 10 IDs,Question,Rewritten Query,BM25 Query
1,DCD - hedef belirleme,BM25-only,physical-therapy-management-of-children-with-developmental_chunk_0060,5,0.0,0.0,1.0,1.0,0.2,0.3869,0.3869,70.5,True,physical-therapy-management-of-children-with-developmental_chunk_0025; physical-therapy-management-of-children-with-developmental_chunk_0103; physical-therapy-management-of-children-with-developmental_chunk_0003; physical-therapy-management-of-children-with-developmental_chunk_0054; physical-therapy-management-of-children-with-developmental_chunk_0060; physical-therapy-management-of-children-with-developmental_chunk_0030; physical-therapy-management-of-children-with-developmental_chunk_0092; physical-therapy-management-of-children-with-developmental_chunk_0026; physical-therapy-management-of-children-with-developmental_chunk_0082; physical-therapy-management-of-children-with-developmental_chunk_0045,DCD’de anlamlı ve ölçülebilir hedefler belirlenirken çocuk ve ebeveyn/bakıcıların katılımı nasıl ele alınmalıdır?,How should the involvement of children and caregivers be considered when establishing meaningful and measurable treatment goals in developmental coordination disorder?,How should the involvement of children and caregivers be considered when establishing meaningful and measurable treatment goals in developmental coordination disorder? goal goals treatment goals child children pediatric paediatric developmental coordination disorder DCD
1,DCD - hedef belirleme,Dense-only,physical-therapy-management-of-children-with-developmental_chunk_0060,13,0.0,0.0,0.0,0.0,0.0769,0.0,0.0,6833.9,True,physical-therapy-management-of-children-with-developmental_chunk_0030; physical-therapy-management-of-children-with-developmental_chunk_0013; physical-therapy-management-of-children-with-developmental_chunk_0063; physical-therapy-management-of-children-with-developmental_chunk_0062; physical-therapy-management-of-children-with-developmental_chunk_0025; physical-therapy-management-of-children-with-developmental_chunk_0094; physical-therapy-management-of-children-with-developmental_chunk_0021; physical-therapy-management-of-children-with-developmental_chunk_0102; physical-therapy-management-of-children-with-developmental_chunk_0061; physical-therapy-management-of-children-with-developmental_chunk_0003,DCD’de anlamlı ve ölçülebilir hedefler belirlenirken çocuk ve ebeveyn/bakıcıların katılımı nasıl ele alınmalıdır?,How should the involvement of children and caregivers be considered when establishing meaningful and measurable treatment goals in developmental coordination disorder?,How should the involvement of children and caregivers be considered when establishing meaningful and measurable treatment goals in developmental coordination disorder? goal goals treatment goals child children pediatric paediatric developmental coordination disorder DCD
1,DCD - hedef belirleme,Dense+BM25 RRF,physical-therapy-management-of-children-with-developmental_chunk_0060,7,0.0,0.0,0.0,1.0,0.1429,0.0,0.3333,0.1,True,physical-therapy-management-of-children-with-developmental_chunk_0025; physical-therapy-management-of-children-with-developmental_chunk_0030; physical-therapy-management-of-children-with-developmental_chunk_0003; physical-therapy-management-of-children-with-developmental_chunk_0013; physical-therapy-management-of-children-with-developmental_chunk_0103; physical-therapy-management-of-children-with-developmental_chunk_0062; physical-therapy-management-of-children-with-developmental_chunk_0060; physical-therapy-management-of-children-with-developmental_chunk_0063; physical-therapy-management-of-children-with-developmental_chunk_0092; physical-therapy-management-of-children-with-developmental_chunk_0026,DCD’de anlamlı ve ölçülebilir hedefler belirlenirken çocuk ve ebeveyn/bakıcıların katılımı nasıl ele alınmalıdır?,How should the involvement of children and caregivers be considered when establishing meaningful and measurable treatment goals in developmental coordination disorder?,How should the involvement of children and caregivers be considered when establishing meaningful and measurable treatment goals in developmental coordination disorder? goal goals treatment goals child children pediatric paediatric developmental coordination disorder DCD
1,DCD - hedef belirleme,RRF+Reranker,physical-therapy-management-of-children-with-developmental_chunk_0060,4,0.0,0.0,1.0,1.0,0.25,0.4307,0.4307,9329.9,True,physical-therapy-management-of-children-with-developmental_chunk_0025; physical-therapy-management-of-children-with-developmental_chunk_0062; physical-therapy-management-of-children-with-developmental_chunk_0061; physical-therapy-management-of-children-with-developmental_chunk_0060; physical-therapy-management-of-children-with-developmental_chunk_0024; physical-therapy-management-of-children-with-developmental_chunk_0054; physical-therapy-management-of-children-with-developmental_chunk_0075; physical-therapy-management-of-children-with-developmental_chunk_0030; physical-therapy-management-of-children-with-developmental_chunk_0003; physical-therapy-management-of-children-with-developmental_chunk_0063,DCD’de anlamlı ve ölçülebilir hedefler belirlenirken çocuk ve ebeveyn/bakıcıların katılımı nasıl ele alınmalıdır?,How should the involvement of children and caregivers be considered when establishing meaningful and measurable treatment goals in developmental coordination disorder?,How should the involvement of children and caregivers be considered when establishing meaningful and measurable treatment goals in developmental coordination disorder? goal goals treatment goals child children pediatric paediatric developmental coordination disorder DCD
2,DCD - müdahale yaklaşımı,BM25-only,physical-therapy-management-of-children-with-developmental_chunk_0065,,0.0,0.0,0.0,0.0,0.0,0.0,0.0,193.6,False,physical-therapy-management-of-children-with-developmental_chunk_0082; physical-therapy-management-of-children-with-developmental_chunk_0004; physical-therapy-management-of-children-with-developmental_chunk_0026; physical-therapy-management-of-children-with-developmental_chunk_0003; physical-therapy-management-of-children-with-developmental_chunk_0086; physical-therapy-management-of-children-with-developmental_chunk_0011; physical-therapy-management-of-children-with-developmental_chunk_0025; physical-therapy-management-of-children-with-developmental_chunk_0084; physical-therapy-management-of-children-with-developmental_chunk_0104; physical-therapy-management-of-children-with-developmental_chunk_0006,DCD tanılı çocuklarda fizik tedavi müdahalesi için kılavuz hangi yaklaşımın kullanılmasını öneriyor ve bu yaklaşım hangi iki temel unsura göre yönlendirilmelidir?,Which clinical guideline recommends the use of a specific approach for physical therapy intervention in children with developmental coordination disorder and what are the two main factors that this approach should be directed according to?,Which clinical guideline recommends the use of a specific approach for physical therapy intervention in children with developmental coordination disorder and what are the two main factors that this approach should be directed according to? physical therapy physiotherapy physical therapist children pediatric paediatric guideline clinical guideline clinical practice guideline treatment therapy intervention developmental coordination disorder DCD
2,DCD - müdahale yaklaşımı,Dense-only,physical-therapy-management-of-children-with-developmental_chunk_0065,22,0.0,0.0,0.0,0.0,0.0455,0.0,0.0,2832.2,True,physical-therapy-management-of-children-with-developmental_chunk_0084; physical-therapy-management-of-children-with-developmental_chunk_0004; physical-therapy-management-of-children-with-developmental_chunk_0082; physical-therapy-management-of-children-with-developmental_chunk_0001; physical-therapy-management-of-children-with-developmental_chunk_0003; physical-therapy-management-of-children-with-developmental_chunk_0086; physical-therapy-management-of-children-with-developmental_chunk_0030; physical-therapy-management-of-children-with-developmental_chunk_0013; physical-therapy-management-of-children-with-developmental_chunk_0011; physical-therapy-management-of-children-with-developmental_chunk_0104,DCD tanılı çocuklarda fizik tedavi müdahalesi için kılavuz hangi yaklaşımın kullanılmasını öneriyor ve bu yaklaşım hangi iki temel unsura göre yönlendirilmelidir?,Which clinical guideline recommends the use of a specific approach for physical therapy intervention in children with developmental coordination disorder and what are the two main factors that this approach should be directed according to?,Which clinical guideline recommends the use of a specific approach for physical therapy intervention in children with developmental coordination disorder and what are the two main factors that this approach should be directed according to? physical therapy physiotherapy physical therapist children pediatric paediatric guideline clinical guideline clinical practice guideline treatment therapy intervention developmental coordination disorder DCD
2,DCD - müdahale yaklaşımı,Dense+BM25 RRF,physical-therapy-management-of-children-with-developmental_chunk_0065,,0.0,0.0,0.0,0.0,0.0,0.0,0.0,0.3,False,physical-therapy-management-of-children-with-developmental_chunk_0004; physical-therapy-management-of-children-with-developmental_chunk_0082; physical-therapy-management-of-children-with-developmental_chunk_0084; physical-therapy-management-of-children-with-developmental_chunk_0003; physical-therapy-management-of-children-with-developmental_chunk_0086; physical-therapy-management-of-children-with-developmental_chunk_0026; physical-therapy-management-of-children-with-developmental_chunk_0011; physical-therapy-management-of-children-with-developmental_chunk_0001; physical-therapy-management-of-children-with-developmental_chunk_0104; physical-therapy-management-of-children-with-developmental_chunk_0030,DCD tanılı çocuklarda fizik tedavi müdahalesi için kılavuz hangi yaklaşımın kullanılmasını öneriyor ve bu yaklaşım hangi iki temel unsura göre yönlendirilmelidir?,Which clinical guideline recommends the use of a specific approach for physical therapy intervention in children with developmental coordination disorder and what are the two main factors that this approach should be directed according to?,Which clinical guideline recommends the use of a specific approach for physical therapy intervention in children with developmental coordination disorder and what are the two main factors that this approach should be directed according to? physical therapy physiotherapy physical therapist children pediatric paediatric guideline clinical guideline clinical practice guideline treatment therapy intervention developmental coordination disorder DCD
2,DCD - müdahale yaklaşımı,RRF+Reranker,physical-therapy-management-of-children-with-developmental_chunk_0065,,0.0,0.0,0.0,0.0,0.0,0.0,0.0,4972.8,False,physical-therapy-management-of-children-with-developmental_chunk_0004; physical-therapy-management-of-children-with-developmental_chunk_0084; physical-therapy-management-of-children-with-developmental_chunk_0003; physical-therapy-management-of-children-with-developmental_chunk_0026; physical-therapy-management-of-children-with-developmental_chunk_0001; physical-therapy-management-of-children-with-developmental_chunk_0030; physical-therapy-management-of-children-with-developmental_chunk_0082; physical-therapy-management-of-children-with-developmental_chunk_0028; physical-therapy-management-of-children-with-developmental_chunk_0063; physical-therapy-management-of-children-with-developmental_chunk_0086,DCD tanılı çocuklarda fizik tedavi müdahalesi için kılavuz hangi yaklaşımın kullanılmasını öneriyor ve bu yaklaşım hangi iki temel unsura göre yönlendirilmelidir?,Which clinical guideline recommends the use of a specific approach for physical therapy intervention in children with developmental coordination disorder and what are the two main factors that this approach should be directed according to?,Which clinical guideline recommends the use of a specific approach for physical therapy intervention in children with developmental coordination disorder and what are the two main factors that this approach should be directed according to? physical therapy physiotherapy physical therapist children pediatric paediatric guideline clinical guideline clinical practice guideline treatment therapy intervention developmental coordination disorder DCD
3,DCD - topluluk aktiviteleri,BM25-only,physical-therapy-management-of-children-with-developmental_chunk_0069,9,0.0,0.0,0.0,1.0,0.1111,0.0,0.301,106.2,True,physical-therapy-management-of-children-with-developmental_chunk_0003; physical-therapy-management-of-children-with-developmental_chunk_0030; physical-therapy-management-of-children-with-developmental_chunk_0024; physical-therapy-management-of-children-with-developmental_chunk_0063; physical-therapy-management-of-children-with-developmental_chunk_0022; physical-therapy-management-of-children-with-developmental_chunk_0021; physical-therapy-management-of-children-with-developmental_chunk_0075; physical-therapy-management-of-children-with-developmental_chunk_0076; physical-therapy-management-of-children-with-developmental_chunk_0069; physical-therapy-management-of-children-with-developmental_chunk_0068,DCD’de task-oriented yaklaşıma ek olarak topluluk temelli fiziksel aktiviteler seçilirken çocuk ve aile ile karar verme süreci nasıl yürütülmelidir?,How should the decision-making process involving the child and family be conducted when selecting community-based physical activities in addition to task-oriented approaches for children with developmental coordination disorder? decision making,How should the decision-making process involving the child and family be conducted when selecting community-based physical activities in addition to task-oriented approaches for children with developmental coordination disorder? decision making decision making clinical decision making child children pediatric paediatric developmental coordination disorder DCD
3,DCD - topluluk aktiviteleri,Dense-only,physical-therapy-management-of-children-with-developmental_chunk_0069,2,0.0,1.0,1.0,1.0,0.5,0.6309,0.6309,2658.0,True,physical-therapy-management-of-children-with-developmental_chunk_0068; physical-therapy-management-of-children-with-developmental_chunk_0069; physical-therapy-management-of-children-with-developmental_chunk_0022; physical-therapy-management-of-children-with-developmental_chunk_0013; physical-therapy-management-of-children-with-developmental_chunk_0024; physical-therapy-management-of-children-with-developmental_chunk_0075; physical-therapy-management-of-children-with-developmental_chunk_0094; physical-therapy-management-of-children-with-developmental_chunk_0092; physical-therapy-management-of-children-with-developmental_chunk_0030; physical-therapy-management-of-children-with-developmental_chunk_0003,DCD’de task-oriented yaklaşıma ek olarak topluluk temelli fiziksel aktiviteler seçilirken çocuk ve aile ile karar verme süreci nasıl yürütülmelidir?,How should the decision-making process involving the child and family be conducted when selecting community-based physical activities in addition to task-oriented approaches for children with developmental coordination disorder? decision making,How should the decision-making process involving the child and family be conducted when selecting community-based physical activities in addition to task-oriented approaches for children with developmental coordination disorder? decision making decision making clinical decision making child children pediatric paediatric developmental coordination disorder DCD
3,DCD - topluluk aktiviteleri,Dense+BM25 RRF,physical-therapy-management-of-children-with-developmental_chunk_0069,4,0.0,0.0,1.0,1.0,0.25,0.4307,0.4307,0.3,True,physical-therapy-management-of-children-with-developmental_chunk_0022; physical-therapy-management-of-children-with-developmental_chunk_0024; physical-therapy-management-of-children-with-developmental_chunk_0068; physical-therapy-management-of-children-with-developmental_chunk_0069; physical-therapy-management-of-children-with-developmental_chunk_0003; physical-therapy-management-of-children-with-developmental_chunk_0030; physical-therapy-management-of-children-with-developmental_chunk_0075; physical-therapy-management-of-children-with-developmental_chunk_0013; physical-therapy-management-of-children-with-developmental_chunk_0021; physical-therapy-management-of-children-with-developmental_chunk_0063,DCD’de task-oriented yaklaşıma ek olarak topluluk temelli fiziksel aktiviteler seçilirken çocuk ve aile ile karar verme süreci nasıl yürütülmelidir?,How should the decision-making process involving the child and family be conducted when selecting community-based physical activities in addition to task-oriented approaches for children with developmental coordination disorder? decision making,How should the decision-making process involving the child and family be conducted when selecting community-based physical activities in addition to task-oriented approaches for children with developmental coordination disorder? decision making decision making clinical decision making child children pediatric paediatric developmental coordination disorder DCD
3,DCD - topluluk aktiviteleri,RRF+Reranker,physical-therapy-management-of-children-with-developmental_chunk_0069,3,0.0,1.0,1.0,1.0,0.3333,0.5,0.5,5324.7,True,physical-therapy-management-of-children-with-developmental_chunk_0003; physical-therapy-management-of-children-with-developmental_chunk_0022; physical-therapy-management-of-children-with-developmental_chunk_0069; physical-therapy-management-of-children-with-developmental_chunk_0075; physical-therapy-management-of-children-with-developmental_chunk_0076; physical-therapy-management-of-children-with-developmental_chunk_0068; physical-therapy-management-of-children-with-developmental_chunk_0063; physical-therapy-management-of-children-with-developmental_chunk_0030; physical-therapy-management-of-children-with-developmental_chunk_0024; physical-therapy-management-of-children-with-developmental_chunk_0043,DCD’de task-oriented yaklaşıma ek olarak topluluk temelli fiziksel aktiviteler seçilirken çocuk ve aile ile karar verme süreci nasıl yürütülmelidir?,How should the decision-making process involving the child and family be conducted when selecting community-based physical activities in addition to task-oriented approaches for children with developmental coordination disorder? decision making,How should the decision-making process involving the child and family be conducted when selecting community-based physical activities in addition to task-oriented approaches for children with developmental coordination disorder? decision making decision making clinical decision making child children pediatric paediatric developmental coordination disorder DCD
4,DCD - doz ve uyum,BM25-only,physical-therapy-management-of-children-with-developmental_chunk_0073,27,0.0,0.0,0.0,0.0,0.037,0.0,0.0,87.1,True,physical-therapy-management-of-children-with-developmental_chunk_0003; physical-therapy-management-of-children-with-developmental_chunk_0045; physical-therapy-management-of-children-with-developmental_chunk_0039; physical-therapy-management-of-children-with-developmental_chunk_0025; physical-therapy-management-of-children-with-developmental_chunk_0090; physical-therapy-management-of-children-with-developmental_chunk_0026; physical-therapy-management-of-children-with-developmental_chunk_0092; physical-therapy-management-of-children-with-developmental_chunk_0089; physical-therapy-management-of-children-with-developmental_chunk_0098; physical-therapy-management-of-children-with-developmental_chunk_0086,DCD’de müdahale dozu artırılırken aile/çocuk kaynakları ve ev programına uyum neden dikkate alınmalıdır?,"In developmental coordination disorder, why should family/child resources and adherence to home programs be considered when increasing the intervention dose?","In developmental coordination disorder, why should family/child resources and adherence to home programs be considered when increasing the intervention dose? intervention therapeutic intervention child children pediatric paediatric adherence compliance developmental coordination disorder DCD"
4,DCD - doz ve uyum,Dense-only,physical-therapy-management-of-children-with-developmental_chunk_0073,30,0.0,0.0,0.0,0.0,0.0333,0.0,0.0,2164.9,True,physical-therapy-management-of-children-with-developmental_chunk_0075; physical-therapy-management-of-children-with-developmental_chunk_0013; physical-therapy-management-of-children-with-developmental_chunk_0104; physical-therapy-management-of-children-with-developmental_chunk_0094; physical-therapy-management-of-children-with-developmental_chunk_0006; physical-therapy-management-of-children-with-developmental_chunk_0086; physical-therapy-management-of-children-with-developmental_chunk_0026; physical-therapy-management-of-children-with-developmental_chunk_0003; physical-therapy-management-of-children-with-developmental_chunk_0089; physical-therapy-management-of-children-with-developmental_chunk_0092,DCD’de müdahale dozu artırılırken aile/çocuk kaynakları ve ev programına uyum neden dikkate alınmalıdır?,"In developmental coordination disorder, why should family/child resources and adherence to home programs be considered when increasing the intervention dose?","In developmental coordination disorder, why should family/child resources and adherence to home programs be considered when increasing the intervention dose? intervention therapeutic intervention child children pediatric paediatric adherence compliance developmental coordination disorder DCD"
4,DCD - doz ve uyum,Dense+BM25 RRF,physical-therapy-management-of-children-with-developmental_chunk_0073,25,0.0,0.0,0.0,0.0,0.04,0.0,0.0,0.2,True,physical-therapy-management-of-children-with-developmental_chunk_0003; physical-therapy-management-of-children-with-developmental_chunk_0026; physical-therapy-management-of-children-with-developmental_chunk_0013; physical-therapy-management-of-children-with-developmental_chunk_0086; physical-therapy-management-of-children-with-developmental_chunk_0089; physical-therapy-management-of-children-with-developmental_chunk_0092; physical-therapy-management-of-children-with-developmental_chunk_0104; physical-therapy-management-of-children-with-developmental_chunk_0025; physical-therapy-management-of-children-with-developmental_chunk_0004; physical-therapy-management-of-children-with-developmental_chunk_0094,DCD’de müdahale dozu artırılırken aile/çocuk kaynakları ve ev programına uyum neden dikkate alınmalıdır?,"In developmental coordination disorder, why should family/child resources and adherence to home programs be considered when increasing the intervention dose?","In developmental coordination disorder, why should family/child resources and adherence to home programs be considered when increasing the intervention dose? intervention therapeutic intervention child children pediatric paediatric adherence compliance developmental coordination disorder DCD"
4,DCD - doz ve uyum,RRF+Reranker,physical-therapy-management-of-children-with-developmental_chunk_0073,1,1.0,1.0,1.0,1.0,1.0,1.0,1.0,4796.8,True,physical-therapy-management-of-children-with-developmental_chunk_0073; physical-therapy-management-of-children-with-developmental_chunk_0066; physical-therapy-management-of-children-with-developmental_chunk_0063; physical-therapy-management-of-children-with-developmental_chunk_0003; physical-therapy-management-of-children-with-developmental_chunk_0039; physical-therapy-management-of-children-with-developmental_chunk_0025; physical-therapy-management-of-children-with-developmental_chunk_0077; physical-therapy-management-of-children-with-developmental_chunk_0030; physical-therapy-management-of-children-with-developmental_chunk_0064; physical-therapy-management-of-children-with-developmental_chunk_0026,DCD’de müdahale dozu artırılırken aile/çocuk kaynakları ve ev programına uyum neden dikkate alınmalıdır?,"In developmental coordination disorder, why should family/child resources and adherence to home programs be considered when increasing the intervention dose?","In developmental coordination disorder, why should family/child resources and adherence to home programs be considered when increasing the intervention dose? intervention therapeutic intervention child children pediatric paediatric adherence compliance developmental coordination disorder DCD"
5,DCD - yeniden değerlendirme,BM25-only,physical-therapy-management-of-children-with-developmental_chunk_0080,28,0.0,0.0,0.0,0.0,0.0357,0.0,0.0,66.3,True,physical-therapy-management-of-children-with-developmental_chunk_0025; physical-therapy-management-of-children-with-developmental_chunk_0004; physical-therapy-management-of-children-with-developmental_chunk_0082; physical-therapy-management-of-children-with-developmental_chunk_0026; physical-therapy-management-of-children-with-developmental_chunk_0003; physical-therapy-management-of-children-with-developmental_chunk_0090; physical-therapy-management-of-children-with-developmental_chunk_0104; physical-therapy-management-of-children-with-developmental_chunk_0092; physical-therapy-management-of-children-with-developmental_chunk_0013; physical-therapy-management-of-children-with-developmental_chunk_0030,DCD’li çocuklarda doğrudan fizik tedavi sonlandırıldıktan sonra neden yıllık veya altı aylık yeniden değerlendirmeler yapılabilir ve bu değerlendirmelerde neler gözden geçirilir?,"In children with developmental coordination disorder, why are annual or six-month follow-up assessments conducted after direct physical therapy is discontinued, and what is reviewed during these assessments?","In children with developmental coordination disorder, why are annual or six-month follow-up assessments conducted after direct physical therapy is discontinued, and what is reviewed during these assessments? physical therapy physiotherapy physical therapist children pediatric paediatric treatment therapy intervention developmental coordination disorder DCD"
5,DCD - yeniden değerlendirme,Dense-only,physical-therapy-management-of-children-with-developmental_chunk_0080,1,1.0,1.0,1.0,1.0,1.0,1.0,1.0,2158.6,True,physical-therapy-management-of-children-with-developmental_chunk_0080; physical-therapy-management-of-children-with-developmental_chunk_0078; physical-therapy-management-of-children-with-developmental_chunk_0025; physical-therapy-management-of-children-with-developmental_chunk_0026; physical-therapy-management-of-children-with-developmental_chunk_0094; physical-therapy-management-of-children-with-developmental_chunk_0086; physical-therapy-management-of-children-with-developmental_chunk_0009; physical-therapy-management-of-children-with-developmental_chunk_0030; physical-therapy-management-of-children-with-developmental_chunk_0003; physical-therapy-management-of-children-with-developmental_chunk_0082,DCD’li çocuklarda doğrudan fizik tedavi sonlandırıldıktan sonra neden yıllık veya altı aylık yeniden değerlendirmeler yapılabilir ve bu değerlendirmelerde neler gözden geçirilir?,"In children with developmental coordination disorder, why are annual or six-month follow-up assessments conducted after direct physical therapy is discontinued, and what is reviewed during these assessments?","In children with developmental coordination disorder, why are annual or six-month follow-up assessments conducted after direct physical therapy is discontinued, and what is reviewed during these assessments? physical therapy physiotherapy physical therapist children pediatric paediatric treatment therapy intervention developmental coordination disorder DCD"
5,DCD - yeniden değerlendirme,Dense+BM25 RRF,physical-therapy-management-of-children-with-developmental_chunk_0080,7,0.0,0.0,0.0,1.0,0.1429,0.0,0.3333,0.2,True,physical-therapy-management-of-children-with-developmental_chunk_0025; physical-therapy-management-of-children-with-developmental_chunk_0026; physical-therapy-management-of-children-with-developmental_chunk_0004; physical-therapy-management-of-children-with-developmental_chunk_0082; physical-therapy-management-of-children-with-developmental_chunk_0003; physical-therapy-management-of-children-with-developmental_chunk_0030; physical-therapy-management-of-children-with-developmental_chunk_0080; physical-therapy-management-of-children-with-developmental_chunk_0086; physical-therapy-management-of-children-with-developmental_chunk_0013; physical-therapy-management-of-children-with-developmental_chunk_0078,DCD’li çocuklarda doğrudan fizik tedavi sonlandırıldıktan sonra neden yıllık veya altı aylık yeniden değerlendirmeler yapılabilir ve bu değerlendirmelerde neler gözden geçirilir?,"In children with developmental coordination disorder, why are annual or six-month follow-up assessments conducted after direct physical therapy is discontinued, and what is reviewed during these assessments?","In children with developmental coordination disorder, why are annual or six-month follow-up assessments conducted after direct physical therapy is discontinued, and what is reviewed during these assessments? physical therapy physiotherapy physical therapist children pediatric paediatric treatment therapy intervention developmental coordination disorder DCD"
5,DCD - yeniden değerlendirme,RRF+Reranker,physical-therapy-management-of-children-with-developmental_chunk_0080,1,1.0,1.0,1.0,1.0,1.0,1.0,1.0,4879.7,True,physical-therapy-management-of-children-with-developmental_chunk_0080; physical-therapy-management-of-children-with-developmental_chunk_0025; physical-therapy-management-of-children-with-developmental_chunk_0078; physical-therapy-management-of-children-with-developmental_chunk_0003; physical-therapy-management-of-children-with-developmental_chunk_0030; physical-therapy-management-of-children-with-developmental_chunk_0054; physical-therapy-management-of-children-with-developmental_chunk_0039; physical-therapy-management-of-children-with-developmental_chunk_0042; physical-therapy-management-of-children-with-developmental_chunk_0086; physical-therapy-management-of-children-with-developmental_chunk_0028,DCD’li çocuklarda doğrudan fizik tedavi sonlandırıldıktan sonra neden yıllık veya altı aylık yeniden değerlendirmeler yapılabilir ve bu değerlendirmelerde neler gözden geçirilir?,"In children with developmental coordination disorder, why are annual or six-month follow-up assessments conducted after direct physical therapy is discontinued, and what is reviewed during these assessments?","In children with developmental coordination disorder, why are annual or six-month follow-up assessments conducted after direct physical therapy is discontinued, and what is reviewed during these assessments? physical therapy physiotherapy physical therapist children pediatric paediatric treatment therapy intervention developmental coordination disorder DCD"
6,DCD - ölçüm,BM25-only,physical-therapy-management-of-children-with-developmental_chunk_0056,20,0.0,0.0,0.0,0.0,0.05,0.0,0.0,58.7,True,physical-therapy-management-of-children-with-developmental_chunk_0083; physical-therapy-management-of-children-with-developmental_chunk_0044; physical-therapy-management-of-children-with-developmental_chunk_0082; physical-therapy-management-of-children-with-developmental_chunk_0026; physical-therapy-management-of-children-with-developmental_chunk_0025; physical-therapy-management-of-children-with-developmental_chunk_0048; physical-therapy-management-of-children-with-developmental_chunk_0089; physical-therapy-management-of-children-with-developmental_chunk_0003; physical-therapy-management-of-children-with-developmental_chunk_0090; physical-therapy-management-of-children-with-developmental_chunk_0104,DCD’de motor performans değerlendirmesinde MABC-3’ün önerilmesinin temel gerekçesi nedir ve MABC-2 ile ilgili kanıt durumu nasıldır?,"What is the rationale for recommending the MABC-3 in the assessment of motor performance in developmental coordination disorder, and what is the current evidence regarding the MABC-2? condition","What is the rationale for recommending the MABC-3 in the assessment of motor performance in developmental coordination disorder, and what is the current evidence regarding the MABC-2? condition motor performance performance physical performance condition clinical condition evidence developmental coordination disorder DCD"
6,DCD - ölçüm,Dense-only,physical-therapy-management-of-children-with-developmental_chunk_0056,3,0.0,1.0,1.0,1.0,0.3333,0.5,0.5,1826.7,True,physical-therapy-management-of-children-with-developmental_chunk_0095; physical-therapy-management-of-children-with-developmental_chunk_0083; physical-therapy-management-of-children-with-developmental_chunk_0056; physical-therapy-management-of-children-with-developmental_chunk_0047; physical-therapy-management-of-children-with-developmental_chunk_0044; physical-therapy-management-of-children-with-developmental_chunk_0100; physical-therapy-management-of-children-with-developmental_chunk_0041; physical-therapy-management-of-children-with-developmental_chunk_0086; physical-therapy-management-of-children-with-developmental_chunk_0097; physical-therapy-management-of-children-with-developmental_chunk_0088,DCD’de motor performans değerlendirmesinde MABC-3’ün önerilmesinin temel gerekçesi nedir ve MABC-2 ile ilgili kanıt durumu nasıldır?,"What is the rationale for recommending the MABC-3 in the assessment of motor performance in developmental coordination disorder, and what is the current evidence regarding the MABC-2? condition","What is the rationale for recommending the MABC-3 in the assessment of motor performance in developmental coordination disorder, and what is the current evidence regarding the MABC-2? condition motor performance performance physical performance condition clinical condition evidence developmental coordination disorder DCD"
6,DCD - ölçüm,Dense+BM25 RRF,physical-therapy-management-of-children-with-developmental_chunk_0056,5,0.0,0.0,1.0,1.0,0.2,0.3869,0.3869,0.1,True,physical-therapy-management-of-children-with-developmental_chunk_0083; physical-therapy-management-of-children-with-developmental_chunk_0044; physical-therapy-management-of-children-with-developmental_chunk_0095; physical-therapy-management-of-children-with-developmental_chunk_0041; physical-therapy-management-of-children-with-developmental_chunk_0056; physical-therapy-management-of-children-with-developmental_chunk_0089; physical-therapy-management-of-children-with-developmental_chunk_0026; physical-therapy-management-of-children-with-developmental_chunk_0086; physical-therapy-management-of-children-with-developmental_chunk_0082; physical-therapy-management-of-children-with-developmental_chunk_0090,DCD’de motor performans değerlendirmesinde MABC-3’ün önerilmesinin temel gerekçesi nedir ve MABC-2 ile ilgili kanıt durumu nasıldır?,"What is the rationale for recommending the MABC-3 in the assessment of motor performance in developmental coordination disorder, and what is the current evidence regarding the MABC-2? condition","What is the rationale for recommending the MABC-3 in the assessment of motor performance in developmental coordination disorder, and what is the current evidence regarding the MABC-2? condition motor performance performance physical performance condition clinical condition evidence developmental coordination disorder DCD"
6,DCD - ölçüm,RRF+Reranker,physical-therapy-management-of-children-with-developmental_chunk_0056,1,1.0,1.0,1.0,1.0,1.0,1.0,1.0,4899.4,True,physical-therapy-management-of-children-with-developmental_chunk_0056; physical-therapy-management-of-children-with-developmental_chunk_0047; physical-therapy-management-of-children-with-developmental_chunk_0044; physical-therapy-management-of-children-with-developmental_chunk_0048; physical-therapy-management-of-children-with-developmental_chunk_0003; physical-therapy-management-of-children-with-developmental_chunk_0021; physical-therapy-management-of-children-with-developmental_chunk_0030; physical-therapy-management-of-children-with-developmental_chunk_0095; physical-therapy-management-of-children-with-developmental_chunk_0083; physical-therapy-management-of-children-with-developmental_chunk_0026,DCD’de motor performans değerlendirmesinde MABC-3’ün önerilmesinin temel gerekçesi nedir ve MABC-2 ile ilgili kanıt durumu nasıldır?,"What is the rationale for recommending the MABC-3 in the assessment of motor performance in developmental coordination disorder, and what is the current evidence regarding the MABC-2? condition","What is the rationale for recommending the MABC-3 in the assessment of motor performance in developmental coordination disorder, and what is the current evidence regarding the MABC-2? condition motor performance performance physical performance condition clinical condition evidence developmental coordination disorder DCD"
7,TKA - CPM,BM25-only,Clinical practice guideline for physical therapist_chunk_0011,2,0.0,1.0,1.0,1.0,0.5,0.6309,0.6309,79.8,True,Clinical practice guideline for physical therapist_chunk_0049; Clinical practice guideline for physical therapist_chunk_0011; Clinical practice guideline for physical therapist_chunk_0050; Clinical practice guideline for physical therapist_chunk_0013; Clinical practice guideline for physical therapist_chunk_0062; Clinical practice guideline for physical therapist_chunk_0012; Clinical practice guideline for physical therapist_chunk_0053; Clinical practice guideline for physical therapist_chunk_0057; Clinical practice guideline for physical therapist_chunk_0044; Clinical practice guideline for physical therapist_chunk_0046,"Primer, komplikasyonsuz TKA sonrası diz ROM’unu artırmak amacıyla sürekli pasif hareket (CPM) için kılavuzun önerisi nedir?",What is the recommendation in the clinical practice guideline for continuous passive motion (CPM) to improve knee range of motion (ROM) following uncomplicated primary total knee arthroplasty (TKA)? movement,What is the recommendation in the clinical practice guideline for continuous passive motion (CPM) to improve knee range of motion (ROM) following uncomplicated primary total knee arthroplasty (TKA)? movement movement movement training guideline clinical guideline clinical practice guideline range of motion ROM knee
7,TKA - CPM,Dense-only,Clinical practice guideline for physical therapist_chunk_0011,1,1.0,1.0,1.0,1.0,1.0,1.0,1.0,2382.9,True,Clinical practice guideline for physical therapist_chunk_0011; Clinical practice guideline for physical therapist_chunk_0012; Clinical practice guideline for physical therapist_chunk_0049; Clinical practice guideline for physical therapist_chunk_0050; Clinical practice guideline for physical therapist_chunk_0014; Clinical practice guideline for physical therapist_chunk_0002; Clinical practice guideline for physical therapist_chunk_0013; Clinical practice guideline for physical therapist_chunk_0051; Clinical practice guideline for physical therapist_chunk_0044; Clinical practice guideline for physical therapist_chunk_0001,"Primer, komplikasyonsuz TKA sonrası diz ROM’unu artırmak amacıyla sürekli pasif hareket (CPM) için kılavuzun önerisi nedir?",What is the recommendation in the clinical practice guideline for continuous passive motion (CPM) to improve knee range of motion (ROM) following uncomplicated primary total knee arthroplasty (TKA)? movement,What is the recommendation in the clinical practice guideline for continuous passive motion (CPM) to improve knee range of motion (ROM) following uncomplicated primary total knee arthroplasty (TKA)? movement movement movement training guideline clinical guideline clinical practice guideline range of motion ROM knee
7,TKA - CPM,Dense+BM25 RRF,Clinical practice guideline for physical therapist_chunk_0011,1,1.0,1.0,1.0,1.0,1.0,1.0,1.0,0.4,True,Clinical practice guideline for physical therapist_chunk_0011; Clinical practice guideline for physical therapist_chunk_0049; Clinical practice guideline for physical therapist_chunk_0050; Clinical practice guideline for physical therapist_chunk_0012; Clinical practice guideline for physical therapist_chunk_0013; Clinical practice guideline for physical therapist_chunk_0044; Clinical practice guideline for physical therapist_chunk_0014; Clinical practice guideline for physical therapist_chunk_0002; Clinical practice guideline for physical therapist_chunk_0051; Clinical practice guideline for physical therapist_chunk_0053,"Primer, komplikasyonsuz TKA sonrası diz ROM’unu artırmak amacıyla sürekli pasif hareket (CPM) için kılavuzun önerisi nedir?",What is the recommendation in the clinical practice guideline for continuous passive motion (CPM) to improve knee range of motion (ROM) following uncomplicated primary total knee arthroplasty (TKA)? movement,What is the recommendation in the clinical practice guideline for continuous passive motion (CPM) to improve knee range of motion (ROM) following uncomplicated primary total knee arthroplasty (TKA)? movement movement movement training guideline clinical guideline clinical practice guideline range of motion ROM knee
7,TKA - CPM,RRF+Reranker,Clinical practice guideline for physical therapist_chunk_0011,1,1.0,1.0,1.0,1.0,1.0,1.0,1.0,5826.1,True,Clinical practice guideline for physical therapist_chunk_0011; Clinical practice guideline for physical therapist_chunk_0002; Clinical practice guideline for physical therapist_chunk_0012; Clinical practice guideline for physical therapist_chunk_0014; Clinical practice guideline for physical therapist_chunk_0013; Clinical practice guideline for physical therapist_chunk_0020; Clinical practice guideline for physical therapist_chunk_0049; Clinical practice guideline for physical therapist_chunk_0022; Clinical practice guideline for physical therapist_chunk_0024; Clinical practice guideline for physical therapist_chunk_0050,"Primer, komplikasyonsuz TKA sonrası diz ROM’unu artırmak amacıyla sürekli pasif hareket (CPM) için kılavuzun önerisi nedir?",What is the recommendation in the clinical practice guideline for continuous passive motion (CPM) to improve knee range of motion (ROM) following uncomplicated primary total knee arthroplasty (TKA)? movement,What is the recommendation in the clinical practice guideline for continuous passive motion (CPM) to improve knee range of motion (ROM) following uncomplicated primary total knee arthroplasty (TKA)? movement movement movement training guideline clinical guideline clinical practice guideline range of motion ROM knee
8,TKA - pozisyonlama,BM25-only,Clinical practice guideline for physical therapist_chunk_0021,1,1.0,1.0,1.0,1.0,1.0,1.0,1.0,60.6,True,Clinical practice guideline for physical therapist_chunk_0021; Clinical practice guideline for physical therapist_chunk_0019; Clinical practice guideline for physical therapist_chunk_0022; Clinical practice guideline for physical therapist_chunk_0012; Clinical practice guideline for physical therapist_chunk_0029; Clinical practice guideline for physical therapist_chunk_0013; Clinical practice guideline for physical therapist_chunk_0037; Clinical practice guideline for physical therapist_chunk_0011; Clinical practice guideline for physical therapist_chunk_0032; Clinical practice guideline for physical therapist_chunk_0015,TKA sonrası erken dönemde cerrahi bacağın yükseltilmiş pozisyonda ve dizin yaklaşık 30–90° fleksiyonda tutulmasının bildirilen etkileri nelerdir?,What are the reported effects of maintaining the operated leg in a elevated position with the knee flexed approximately 30–90° during the early postoperative period after TKA?,What are the reported effects of maintaining the operated leg in a elevated position with the knee flexed approximately 30–90° during the early postoperative period after TKA?
8,TKA - pozisyonlama,Dense-only,Clinical practice guideline for physical therapist_chunk_0021,1,1.0,1.0,1.0,1.0,1.0,1.0,1.0,2161.4,True,Clinical practice guideline for physical therapist_chunk_0021; Clinical practice guideline for physical therapist_chunk_0011; Clinical practice guideline for physical therapist_chunk_0022; Clinical practice guideline for physical therapist_chunk_0012; Clinical practice guideline for physical therapist_chunk_0024; Clinical practice guideline for physical therapist_chunk_0032; Clinical practice guideline for physical therapist_chunk_0037; Clinical practice guideline for physical therapist_chunk_0015; Clinical practice guideline for physical therapist_chunk_0023; Clinical practice guideline for physical therapist_chunk_0020,TKA sonrası erken dönemde cerrahi bacağın yükseltilmiş pozisyonda ve dizin yaklaşık 30–90° fleksiyonda tutulmasının bildirilen etkileri nelerdir?,What are the reported effects of maintaining the operated leg in a elevated position with the knee flexed approximately 30–90° during the early postoperative period after TKA?,What are the reported effects of maintaining the operated leg in a elevated position with the knee flexed approximately 30–90° during the early postoperative period after TKA?
8,TKA - pozisyonlama,Dense+BM25 RRF,Clinical practice guideline for physical therapist_chunk_0021,1,1.0,1.0,1.0,1.0,1.0,1.0,1.0,0.2,True,Clinical practice guideline for physical therapist_chunk_0021; Clinical practice guideline for physical therapist_chunk_0022; Clinical practice guideline for physical therapist_chunk_0012; Clinical practice guideline for physical therapist_chunk_0011; Clinical practice guideline for physical therapist_chunk_0037; Clinical practice guideline for physical therapist_chunk_0032; Clinical practice guideline for physical therapist_chunk_0015; Clinical practice guideline for physical therapist_chunk_0029; Clinical practice guideline for physical therapist_chunk_0019; Clinical practice guideline for physical therapist_chunk_0023,TKA sonrası erken dönemde cerrahi bacağın yükseltilmiş pozisyonda ve dizin yaklaşık 30–90° fleksiyonda tutulmasının bildirilen etkileri nelerdir?,What are the reported effects of maintaining the operated leg in a elevated position with the knee flexed approximately 30–90° during the early postoperative period after TKA?,What are the reported effects of maintaining the operated leg in a elevated position with the knee flexed approximately 30–90° during the early postoperative period after TKA?
8,TKA - pozisyonlama,RRF+Reranker,Clinical practice guideline for physical therapist_chunk_0021,2,0.0,1.0,1.0,1.0,0.5,0.6309,0.6309,4994.9,True,Clinical practice guideline for physical therapist_chunk_0022; Clinical practice guideline for physical therapist_chunk_0021; Clinical practice guideline for physical therapist_chunk_0029; Clinical practice guideline for physical therapist_chunk_0012; Clinical practice guideline for physical therapist_chunk_0032; Clinical practice guideline for physical therapist_chunk_0037; Clinical practice guideline for physical therapist_chunk_0024; Clinical practice guideline for physical therapist_chunk_0011; Clinical practice guideline for physical therapist_chunk_0036; Clinical practice guideline for physical therapist_chunk_0030,TKA sonrası erken dönemde cerrahi bacağın yükseltilmiş pozisyonda ve dizin yaklaşık 30–90° fleksiyonda tutulmasının bildirilen etkileri nelerdir?,What are the reported effects of maintaining the operated leg in a elevated position with the knee flexed approximately 30–90° during the early postoperative period after TKA?,What are the reported effects of maintaining the operated leg in a elevated position with the knee flexed approximately 30–90° during the early postoperative period after TKA?
9,TKA - NMES,BM25-only,Clinical practice guideline for physical therapist_chunk_0029,1,1.0,1.0,1.0,1.0,1.0,1.0,1.0,87.4,True,Clinical practice guideline for physical therapist_chunk_0029; stroke-rehabilitation-in-adults-pdf-66143899492549_chunk_0058; 03_WHO_PIR_Module3_Neurological_chunk_0405; VADOD-2024-Stroke-Rehab-CPG-Full-CPG_final_508_chunk_0101; 10_WHO_PIR_Annex_Module3_Evidence_Tables_chunk_0285; VADOD-2024-Stroke-Rehab-CPG-Full-CPG_final_508_chunk_0411; VADOD-2024-Stroke-Rehab-CPG-Full-CPG_final_508_chunk_0098; VADOD-2024-Stroke-Rehab-CPG-Full-CPG_final_508_chunk_0209; Clinical practice guideline for physical therapist_chunk_0057; Clinical practice guideline for physical therapist_chunk_0028,TKA sonrası quadriceps için NMES nasıl uygulanmalı ve hangi sonuçları iyileştirmeyi amaçlamaktadır?,What is the appropriate application of neuromuscular electrical stimulation (NMES) for the quadriceps following TKA and what outcomes does it aim to improve?,What is the appropriate application of neuromuscular electrical stimulation (NMES) for the quadriceps following TKA and what outcomes does it aim to improve? neuromuscular electrical stimulation NMES
9,TKA - NMES,Dense-only,Clinical practice guideline for physical therapist_chunk_0029,1,1.0,1.0,1.0,1.0,1.0,1.0,1.0,2382.2,True,Clinical practice guideline for physical therapist_chunk_0029; Clinical practice guideline for physical therapist_chunk_0030; Clinical practice guideline for physical therapist_chunk_0057; Clinical practice guideline for physical therapist_chunk_0015; Clinical practice guideline for physical therapist_chunk_0011; Clinical practice guideline for physical therapist_chunk_0028; VADOD-2024-Stroke-Rehab-CPG-Full-CPG_final_508_chunk_0099; stroke-rehabilitation-in-adults-pdf-66143899492549_chunk_0058; Clinical practice guideline for physical therapist_chunk_0012; VADOD-2024-Stroke-Rehab-CPG-Full-CPG_final_508_chunk_0101,TKA sonrası quadriceps için NMES nasıl uygulanmalı ve hangi sonuçları iyileştirmeyi amaçlamaktadır?,What is the appropriate application of neuromuscular electrical stimulation (NMES) for the quadriceps following TKA and what outcomes does it aim to improve?,What is the appropriate application of neuromuscular electrical stimulation (NMES) for the quadriceps following TKA and what outcomes does it aim to improve? neuromuscular electrical stimulation NMES
9,TKA - NMES,Dense+BM25 RRF,Clinical practice guideline for physical therapist_chunk_0029,1,1.0,1.0,1.0,1.0,1.0,1.0,1.0,0.8,True,Clinical practice guideline for physical therapist_chunk_0029; stroke-rehabilitation-in-adults-pdf-66143899492549_chunk_0058; Clinical practice guideline for physical therapist_chunk_0057; Clinical practice guideline for physical therapist_chunk_0030; VADOD-2024-Stroke-Rehab-CPG-Full-CPG_final_508_chunk_0101; Clinical practice guideline for physical therapist_chunk_0028; 03_WHO_PIR_Module3_Neurological_chunk_0405; VADOD-2024-Stroke-Rehab-CPG-Full-CPG_final_508_chunk_0099; VADOD-2024-Stroke-Rehab-CPG-Full-CPG_final_508_chunk_0098; 10_WHO_PIR_Annex_Module3_Evidence_Tables_chunk_0285,TKA sonrası quadriceps için NMES nasıl uygulanmalı ve hangi sonuçları iyileştirmeyi amaçlamaktadır?,What is the appropriate application of neuromuscular electrical stimulation (NMES) for the quadriceps following TKA and what outcomes does it aim to improve?,What is the appropriate application of neuromuscular electrical stimulation (NMES) for the quadriceps following TKA and what outcomes does it aim to improve? neuromuscular electrical stimulation NMES
9,TKA - NMES,RRF+Reranker,Clinical practice guideline for physical therapist_chunk_0029,1,1.0,1.0,1.0,1.0,1.0,1.0,1.0,4468.4,True,Clinical practice guideline for physical therapist_chunk_0029; VADOD-2024-Stroke-Rehab-CPG-Full-CPG_final_508_chunk_0101; Clinical practice guideline for physical therapist_chunk_0030; 03_WHO_PIR_Module3_Neurological_chunk_0405; VADOD-2024-Stroke-Rehab-CPG-Full-CPG_final_508_chunk_0209; Clinical practice guideline for physical therapist_chunk_0057; Clinical practice guideline for physical therapist_chunk_0032; VADOD-2024-Stroke-Rehab-CPG-Full-CPG_final_508_chunk_0099; VADOD-2024-Stroke-Rehab-CPG-Full-CPG_final_508_chunk_0098; Clinical practice guideline for physical therapist_chunk_0028,TKA sonrası quadriceps için NMES nasıl uygulanmalı ve hangi sonuçları iyileştirmeyi amaçlamaktadır?,What is the appropriate application of neuromuscular electrical stimulation (NMES) for the quadriceps following TKA and what outcomes does it aim to improve?,What is the appropriate application of neuromuscular electrical stimulation (NMES) for the quadriceps following TKA and what outcomes does it aim to improve? neuromuscular electrical stimulation NMES
10,TKA - progresyon,BM25-only,Clinical practice guideline for physical therapist_chunk_0031,3,0.0,1.0,1.0,1.0,0.3333,0.5,0.5,102.4,True,16_WHO_Physical_Activity_Guidelines_2020_chunk_0125; Clinical practice guideline for physical therapist_chunk_0002; Clinical practice guideline for physical therapist_chunk_0031; Physical Therapist Management of Parkinson Disease_chunk_0025; Physical Therapist Management of Parkinson Disease_chunk_0029; Clinical practice guideline for physical therapist_chunk_0030; 09_WHO_PIR_Annex_Module2_Evidence_Tables_chunk_0142; Clinical practice guideline for physical therapist_chunk_0032; Physical Therapist Management of Parkinson Disease_chunk_0024; 10_WHO_PIR_Annex_Module3_Evidence_Tables_chunk_0221,TKA sonrası progresif direnç egzersizlerine ne zaman başlanabileceği ve ilerlemenin hangi klinik ölçütler izlenerek yönlendirilebileceği konusunda kılavuz ne bildiriyor?,When do clinical guidelines recommend initiating progressive resistance exercise training after TKA and what clinical outcome measures should be used to guide progression? clinical guideline guideline,When do clinical guidelines recommend initiating progressive resistance exercise training after TKA and what clinical outcome measures should be used to guide progression? clinical guideline guideline clinical guideline clinical practice guideline exercise exercise training exercise program guideline resistance resistance training resistive exercise
10,TKA - progresyon,Dense-only,Clinical practice guideline for physical therapist_chunk_0031,13,0.0,0.0,0.0,0.0,0.0769,0.0,0.0,2371.6,True,Clinical practice guideline for physical therapist_chunk_0032; Clinical practice guideline for physical therapist_chunk_0030; Clinical practice guideline for physical therapist_chunk_0028; Clinical practice guideline for physical therapist_chunk_0002; Clinical practice guideline for physical therapist_chunk_0011; Clinical practice guideline for physical therapist_chunk_0026; Clinical practice guideline for physical therapist_chunk_0024; Clinical practice guideline for physical therapist_chunk_0006; Physical Therapist Management of Parkinson Disease_chunk_0026; 09_WHO_PIR_Annex_Module2_Evidence_Tables_chunk_0043,TKA sonrası progresif direnç egzersizlerine ne zaman başlanabileceği ve ilerlemenin hangi klinik ölçütler izlenerek yönlendirilebileceği konusunda kılavuz ne bildiriyor?,When do clinical guidelines recommend initiating progressive resistance exercise training after TKA and what clinical outcome measures should be used to guide progression? clinical guideline guideline,When do clinical guidelines recommend initiating progressive resistance exercise training after TKA and what clinical outcome measures should be used to guide progression? clinical guideline guideline clinical guideline clinical practice guideline exercise exercise training exercise program guideline resistance resistance training resistive exercise
10,TKA - progresyon,Dense+BM25 RRF,Clinical practice guideline for physical therapist_chunk_0031,4,0.0,0.0,1.0,1.0,0.25,0.4307,0.4307,0.2,True,Clinical practice guideline for physical therapist_chunk_0002; Clinical practice guideline for physical therapist_chunk_0030; Clinical practice guideline for physical therapist_chunk_0032; Clinical practice guideline for physical therapist_chunk_0031; Physical Therapist Management of Parkinson Disease_chunk_0029; Physical Therapist Management of Parkinson Disease_chunk_0026; Physical Therapist Management of Parkinson Disease_chunk_0024; Physical Therapist Management of Parkinson Disease_chunk_0025; 09_WHO_PIR_Annex_Module2_Evidence_Tables_chunk_0043; 09_WHO_PIR_Annex_Module2_Evidence_Tables_chunk_0046,TKA sonrası progresif direnç egzersizlerine ne zaman başlanabileceği ve ilerlemenin hangi klinik ölçütler izlenerek yönlendirilebileceği konusunda kılavuz ne bildiriyor?,When do clinical guidelines recommend initiating progressive resistance exercise training after TKA and what clinical outcome measures should be used to guide progression? clinical guideline guideline,When do clinical guidelines recommend initiating progressive resistance exercise training after TKA and what clinical outcome measures should be used to guide progression? clinical guideline guideline clinical guideline clinical practice guideline exercise exercise training exercise program guideline resistance resistance training resistive exercise
10,TKA - progresyon,RRF+Reranker,Clinical practice guideline for physical therapist_chunk_0031,3,0.0,1.0,1.0,1.0,0.3333,0.5,0.5,5063.4,True,Clinical practice guideline for physical therapist_chunk_0002; Clinical practice guideline for physical therapist_chunk_0032; Clinical practice guideline for physical therapist_chunk_0031; Clinical practice guideline for physical therapist_chunk_0030; Physical Therapist Management of Parkinson Disease_chunk_0026; Physical Therapist Management of Parkinson Disease_chunk_0025; Clinical practice guideline for physical therapist_chunk_0003; Clinical practice guideline for physical therapist_chunk_0024; Physical Therapist Management of Parkinson Disease_chunk_0024; Physical Therapist Management of Parkinson Disease_chunk_0029,TKA sonrası progresif direnç egzersizlerine ne zaman başlanabileceği ve ilerlemenin hangi klinik ölçütler izlenerek yönlendirilebileceği konusunda kılavuz ne bildiriyor?,When do clinical guidelines recommend initiating progressive resistance exercise training after TKA and what clinical outcome measures should be used to guide progression? clinical guideline guideline,When do clinical guidelines recommend initiating progressive resistance exercise training after TKA and what clinical outcome measures should be used to guide progression? clinical guideline guideline clinical guideline clinical practice guideline exercise exercise training exercise program guideline resistance resistance training resistive exercise
11,TKA - güvenli progresyon,BM25-only,Clinical practice guideline for physical therapist_chunk_0032,2,0.0,1.0,1.0,1.0,0.5,0.6309,0.6309,85.6,True,Clinical practice guideline for physical therapist_chunk_0031; Clinical practice guideline for physical therapist_chunk_0032; Physical Therapist Management of Parkinson Disease_chunk_0025; Physical Therapist Management of Parkinson Disease_chunk_0026; 16_WHO_Physical_Activity_Guidelines_2020_chunk_0119; 16_WHO_Physical_Activity_Guidelines_2020_chunk_0121; 10_WHO_PIR_Annex_Module3_Evidence_Tables_chunk_0308; 16_WHO_Physical_Activity_Guidelines_2020_chunk_0114; 16_WHO_Physical_Activity_Guidelines_2020_chunk_0029; 16_WHO_Physical_Activity_Guidelines_2020_chunk_0117,TKA sonrası erken yüksek yoğunluklu direnç egzersizinde aşırı agresif progresyon hangi sorunları artırabilir ve güvenli ilerleme için hangi belirtiler izlenmelidir?,Does early high-intensity resistance exercise progression after TKA increase the risk of specific complications and what signs should be monitored to ensure safe progression?,Does early high-intensity resistance exercise progression after TKA increase the risk of specific complications and what signs should be monitored to ensure safe progression? progression exercise progression progress advancement safe safety resistance resistance training resistive exercise
11,TKA - güvenli progresyon,Dense-only,Clinical practice guideline for physical therapist_chunk_0032,1,1.0,1.0,1.0,1.0,1.0,1.0,1.0,2550.3,True,Clinical practice guideline for physical therapist_chunk_0032; Clinical practice guideline for physical therapist_chunk_0028; Clinical practice guideline for physical therapist_chunk_0024; Clinical practice guideline for physical therapist_chunk_0011; Clinical practice guideline for physical therapist_chunk_0026; Clinical practice guideline for physical therapist_chunk_0036; Clinical practice guideline for physical therapist_chunk_0037; Clinical practice guideline for physical therapist_chunk_0031; Clinical practice guideline for physical therapist_chunk_0030; Clinical practice guideline for physical therapist_chunk_0045,TKA sonrası erken yüksek yoğunluklu direnç egzersizinde aşırı agresif progresyon hangi sorunları artırabilir ve güvenli ilerleme için hangi belirtiler izlenmelidir?,Does early high-intensity resistance exercise progression after TKA increase the risk of specific complications and what signs should be monitored to ensure safe progression?,Does early high-intensity resistance exercise progression after TKA increase the risk of specific complications and what signs should be monitored to ensure safe progression? progression exercise progression progress advancement safe safety resistance resistance training resistive exercise
11,TKA - güvenli progresyon,Dense+BM25 RRF,Clinical practice guideline for physical therapist_chunk_0032,1,1.0,1.0,1.0,1.0,1.0,1.0,1.0,0.2,True,Clinical practice guideline for physical therapist_chunk_0032; Clinical practice guideline for physical therapist_chunk_0031; Clinical practice guideline for physical therapist_chunk_0028; Clinical practice guideline for physical therapist_chunk_0025; Clinical practice guideline for physical therapist_chunk_0030; Clinical practice guideline for physical therapist_chunk_0026; Clinical practice guideline for physical therapist_chunk_0045; Clinical practice guideline for physical therapist_chunk_0058; Physical Therapist Management of Parkinson Disease_chunk_0021; Clinical practice guideline for physical therapist_chunk_0024,TKA sonrası erken yüksek yoğunluklu direnç egzersizinde aşırı agresif progresyon hangi sorunları artırabilir ve güvenli ilerleme için hangi belirtiler izlenmelidir?,Does early high-intensity resistance exercise progression after TKA increase the risk of specific complications and what signs should be monitored to ensure safe progression?,Does early high-intensity resistance exercise progression after TKA increase the risk of specific complications and what signs should be monitored to ensure safe progression? progression exercise progression progress advancement safe safety resistance resistance training resistive exercise
11,TKA - güvenli progresyon,RRF+Reranker,Clinical practice guideline for physical therapist_chunk_0032,1,1.0,1.0,1.0,1.0,1.0,1.0,1.0,5530.4,True,Clinical practice guideline for physical therapist_chunk_0032; Clinical practice guideline for physical therapist_chunk_0028; Clinical practice guideline for physical therapist_chunk_0031; Clinical practice guideline for physical therapist_chunk_0030; Clinical practice guideline for physical therapist_chunk_0025; Clinical practice guideline for physical therapist_chunk_0022; Clinical practice guideline for physical therapist_chunk_0026; Clinical practice guideline for physical therapist_chunk_0003; Clinical practice guideline for physical therapist_chunk_0037; Clinical practice guideline for physical therapist_chunk_0014,TKA sonrası erken yüksek yoğunluklu direnç egzersizinde aşırı agresif progresyon hangi sorunları artırabilir ve güvenli ilerleme için hangi belirtiler izlenmelidir?,Does early high-intensity resistance exercise progression after TKA increase the risk of specific complications and what signs should be monitored to ensure safe progression?,Does early high-intensity resistance exercise progression after TKA increase the risk of specific complications and what signs should be monitored to ensure safe progression? progression exercise progression progress advancement safe safety resistance resistance training resistive exercise
12,Parkinson - egzersiz türleri,BM25-only,Physical Therapist Management of Parkinson Disease_chunk_0008,1,1.0,1.0,1.0,1.0,1.0,1.0,1.0,105.5,True,Physical Therapist Management of Parkinson Disease_chunk_0008; Physical Therapist Management of Parkinson Disease_chunk_0098; Physical Therapist Management of Parkinson Disease_chunk_0094; Physical Therapist Management of Parkinson Disease_chunk_0097; Physical Therapist Management of Parkinson Disease_chunk_0093; Physical Therapist Management of Parkinson Disease_chunk_0100; Physical Therapist Management of Parkinson Disease_chunk_0096; Physical Therapist Management of Parkinson Disease_chunk_0112; Physical Therapist Management of Parkinson Disease_chunk_0091; Physical Therapist Management of Parkinson Disease_chunk_0103,"Parkinson hastalığında kılavuza göre aerobik, direnç ve denge egzersizlerinin her biri hangi temel sonuçları iyileştirmek amacıyla uygulanabilir?","In Parkinson's disease, what are the primary outcomes that can be improved by the application of aerobic exercise, resistance training, and balance training as part of an exercise program? guideline","In Parkinson's disease, what are the primary outcomes that can be improved by the application of aerobic exercise, resistance training, and balance training as part of an exercise program? guideline aerobic exercise aerobic training Parkinson's disease Parkinson disease exercise exercise training exercise program guideline clinical guideline clinical practice guideline resistance resistance training resistive exercise balance balance training postural balance"
12,Parkinson - egzersiz türleri,Dense-only,Physical Therapist Management of Parkinson Disease_chunk_0008,1,1.0,1.0,1.0,1.0,1.0,1.0,1.0,2239.4,True,Physical Therapist Management of Parkinson Disease_chunk_0008; Physical Therapist Management of Parkinson Disease_chunk_0094; Physical Therapist Management of Parkinson Disease_chunk_0091; Physical Therapist Management of Parkinson Disease_chunk_0090; Physical Therapist Management of Parkinson Disease_chunk_0097; Physical Therapist Management of Parkinson Disease_chunk_0096; Physical Therapist Management of Parkinson Disease_chunk_0030; Physical Therapist Management of Parkinson Disease_chunk_0093; Physical Therapist Management of Parkinson Disease_chunk_0098; Physical Therapist Management of Parkinson Disease_chunk_0110,"Parkinson hastalığında kılavuza göre aerobik, direnç ve denge egzersizlerinin her biri hangi temel sonuçları iyileştirmek amacıyla uygulanabilir?","In Parkinson's disease, what are the primary outcomes that can be improved by the application of aerobic exercise, resistance training, and balance training as part of an exercise program? guideline","In Parkinson's disease, what are the primary outcomes that can be improved by the application of aerobic exercise, resistance training, and balance training as part of an exercise program? guideline aerobic exercise aerobic training Parkinson's disease Parkinson disease exercise exercise training exercise program guideline clinical guideline clinical practice guideline resistance resistance training resistive exercise balance balance training postural balance"
12,Parkinson - egzersiz türleri,Dense+BM25 RRF,Physical Therapist Management of Parkinson Disease_chunk_0008,1,1.0,1.0,1.0,1.0,1.0,1.0,1.0,0.8,True,Physical Therapist Management of Parkinson Disease_chunk_0008; Physical Therapist Management of Parkinson Disease_chunk_0094; Physical Therapist Management of Parkinson Disease_chunk_0097; Physical Therapist Management of Parkinson Disease_chunk_0098; Physical Therapist Management of Parkinson Disease_chunk_0091; Physical Therapist Management of Parkinson Disease_chunk_0096; Physical Therapist Management of Parkinson Disease_chunk_0093; Physical Therapist Management of Parkinson Disease_chunk_0090; Physical Therapist Management of Parkinson Disease_chunk_0100; Physical Therapist Management of Parkinson Disease_chunk_0112,"Parkinson hastalığında kılavuza göre aerobik, direnç ve denge egzersizlerinin her biri hangi temel sonuçları iyileştirmek amacıyla uygulanabilir?","In Parkinson's disease, what are the primary outcomes that can be improved by the application of aerobic exercise, resistance training, and balance training as part of an exercise program? guideline","In Parkinson's disease, what are the primary outcomes that can be improved by the application of aerobic exercise, resistance training, and balance training as part of an exercise program? guideline aerobic exercise aerobic training Parkinson's disease Parkinson disease exercise exercise training exercise program guideline clinical guideline clinical practice guideline resistance resistance training resistive exercise balance balance training postural balance"
12,Parkinson - egzersiz türleri,RRF+Reranker,Physical Therapist Management of Parkinson Disease_chunk_0008,1,1.0,1.0,1.0,1.0,1.0,1.0,1.0,5433.8,True,Physical Therapist Management of Parkinson Disease_chunk_0008; Physical Therapist Management of Parkinson Disease_chunk_0048; Physical Therapist Management of Parkinson Disease_chunk_0098; Physical Therapist Management of Parkinson Disease_chunk_0096; Physical Therapist Management of Parkinson Disease_chunk_0090; Physical Therapist Management of Parkinson Disease_chunk_0019; Physical Therapist Management of Parkinson Disease_chunk_0034; Physical Therapist Management of Parkinson Disease_chunk_0094; Physical Therapist Management of Parkinson Disease_chunk_0026; Physical Therapist Management of Parkinson Disease_chunk_0023,"Parkinson hastalığında kılavuza göre aerobik, direnç ve denge egzersizlerinin her biri hangi temel sonuçları iyileştirmek amacıyla uygulanabilir?","In Parkinson's disease, what are the primary outcomes that can be improved by the application of aerobic exercise, resistance training, and balance training as part of an exercise program? guideline","In Parkinson's disease, what are the primary outcomes that can be improved by the application of aerobic exercise, resistance training, and balance training as part of an exercise program? guideline aerobic exercise aerobic training Parkinson's disease Parkinson disease exercise exercise training exercise program guideline clinical guideline clinical practice guideline resistance resistance training resistive exercise balance balance training postural balance"
13,Parkinson - yoğunluk,BM25-only,Physical Therapist Management of Parkinson Disease_chunk_0019,1,1.0,1.0,1.0,1.0,1.0,1.0,1.0,83.6,True,Physical Therapist Management of Parkinson Disease_chunk_0019; Physical Therapist Management of Parkinson Disease_chunk_0008; Physical Therapist Management of Parkinson Disease_chunk_0046; Physical Therapist Management of Parkinson Disease_chunk_0022; Physical Therapist Management of Parkinson Disease_chunk_0023; Physical Therapist Management of Parkinson Disease_chunk_0091; Physical Therapist Management of Parkinson Disease_chunk_0097; 09_WHO_PIR_Annex_Module2_Evidence_Tables_chunk_0123; Physical Therapist Management of Parkinson Disease_chunk_0090; VADOD-2024-Stroke-Rehab-CPG-Full-CPG_final_508_chunk_0079,Parkinson hastalığında kılavuzda çoğu çalışmada orta ve yüksek yoğunluklu aerobik egzersiz hangi maksimum kalp hızı yüzdeleriyle tanımlanmıştır?,"In Parkinson's disease, what maximum heart rate percentages are typically defined in guided aerobic exercise programs with moderate and high intensity?","In Parkinson's disease, what maximum heart rate percentages are typically defined in guided aerobic exercise programs with moderate and high intensity? aerobic exercise aerobic training Parkinson's disease Parkinson disease exercise exercise training exercise program moderate moderate severity"
13,Parkinson - yoğunluk,Dense-only,Physical Therapist Management of Parkinson Disease_chunk_0019,1,1.0,1.0,1.0,1.0,1.0,1.0,1.0,2219.1,True,Physical Therapist Management of Parkinson Disease_chunk_0019; Physical Therapist Management of Parkinson Disease_chunk_0022; Physical Therapist Management of Parkinson Disease_chunk_0018; Physical Therapist Management of Parkinson Disease_chunk_0008; Physical Therapist Management of Parkinson Disease_chunk_0023; Physical Therapist Management of Parkinson Disease_chunk_0020; Physical Therapist Management of Parkinson Disease_chunk_0090; Physical Therapist Management of Parkinson Disease_chunk_0091; 09_WHO_PIR_Annex_Module2_Evidence_Tables_chunk_0123; VADOD-2024-Stroke-Rehab-CPG-Full-CPG_final_508_chunk_0079,Parkinson hastalığında kılavuzda çoğu çalışmada orta ve yüksek yoğunluklu aerobik egzersiz hangi maksimum kalp hızı yüzdeleriyle tanımlanmıştır?,"In Parkinson's disease, what maximum heart rate percentages are typically defined in guided aerobic exercise programs with moderate and high intensity?","In Parkinson's disease, what maximum heart rate percentages are typically defined in guided aerobic exercise programs with moderate and high intensity? aerobic exercise aerobic training Parkinson's disease Parkinson disease exercise exercise training exercise program moderate moderate severity"
13,Parkinson - yoğunluk,Dense+BM25 RRF,Physical Therapist Management of Parkinson Disease_chunk_0019,1,1.0,1.0,1.0,1.0,1.0,1.0,1.0,0.2,True,Physical Therapist Management of Parkinson Disease_chunk_0019; Physical Therapist Management of Parkinson Disease_chunk_0022; Physical Therapist Management of Parkinson Disease_chunk_0008; Physical Therapist Management of Parkinson Disease_chunk_0023; Physical Therapist Management of Parkinson Disease_chunk_0091; Physical Therapist Management of Parkinson Disease_chunk_0090; 09_WHO_PIR_Annex_Module2_Evidence_Tables_chunk_0123; Physical Therapist Management of Parkinson Disease_chunk_0018; Physical Therapist Management of Parkinson Disease_chunk_0020; VADOD-2024-Stroke-Rehab-CPG-Full-CPG_final_508_chunk_0079,Parkinson hastalığında kılavuzda çoğu çalışmada orta ve yüksek yoğunluklu aerobik egzersiz hangi maksimum kalp hızı yüzdeleriyle tanımlanmıştır?,"In Parkinson's disease, what maximum heart rate percentages are typically defined in guided aerobic exercise programs with moderate and high intensity?","In Parkinson's disease, what maximum heart rate percentages are typically defined in guided aerobic exercise programs with moderate and high intensity? aerobic exercise aerobic training Parkinson's disease Parkinson disease exercise exercise training exercise program moderate moderate severity"
13,Parkinson - yoğunluk,RRF+Reranker,Physical Therapist Management of Parkinson Disease_chunk_0019,1,1.0,1.0,1.0,1.0,1.0,1.0,1.0,5106.3,True,Physical Therapist Management of Parkinson Disease_chunk_0019; 09_WHO_PIR_Annex_Module2_Evidence_Tables_chunk_0123; 10_WHO_PIR_Annex_Module3_Evidence_Tables_chunk_0296; Physical Therapist Management of Parkinson Disease_chunk_0008; Physical Therapist Management of Parkinson Disease_chunk_0022; VADOD-2024-Stroke-Rehab-CPG-Full-CPG_final_508_chunk_0080; Physical Therapist Management of Parkinson Disease_chunk_0018; Physical Therapist Management of Parkinson Disease_chunk_0020; 16_WHO_Physical_Activity_Guidelines_2020_chunk_0122; Physical Therapist Management of Parkinson Disease_chunk_0046,Parkinson hastalığında kılavuzda çoğu çalışmada orta ve yüksek yoğunluklu aerobik egzersiz hangi maksimum kalp hızı yüzdeleriyle tanımlanmıştır?,"In Parkinson's disease, what maximum heart rate percentages are typically defined in guided aerobic exercise programs with moderate and high intensity?","In Parkinson's disease, what maximum heart rate percentages are typically defined in guided aerobic exercise programs with moderate and high intensity? aerobic exercise aerobic training Parkinson's disease Parkinson disease exercise exercise training exercise program moderate moderate severity"
14,Parkinson - kapsam,BM25-only,Physical Therapist Management of Parkinson Disease_chunk_0007,,0.0,0.0,0.0,0.0,0.0,0.0,0.0,100.8,False,10_WHO_PIR_Annex_Module3_Evidence_Tables_chunk_0076; 10_WHO_PIR_Annex_Module3_Evidence_Tables_chunk_0072; 10_WHO_PIR_Annex_Module3_Evidence_Tables_chunk_0075; Physical Therapist Management of Parkinson Disease_chunk_0085; 10_WHO_PIR_Annex_Module3_Evidence_Tables_chunk_0074; 10_WHO_PIR_Annex_Module3_Evidence_Tables_chunk_0112; 10_WHO_PIR_Annex_Module3_Evidence_Tables_chunk_0081; Physical Therapist Management of Parkinson Disease_chunk_0120; Physical Therapist Management of Parkinson Disease_chunk_0004; Physical Therapist Management of Parkinson Disease_chunk_0091,Parkinson hastalığı fizik tedavi kılavuzunun kapsamı hangi hasta grubuyla sınırlıdır ve ileri evre hastalar için genellenebilirlik konusunda hangi uyarı yapılmıştır?,"What is the scope of physical therapy guidelines for Parkinson's disease in terms of patient groups, and what warning is provided regarding the generalizability of these guidelines to patients in advanced stages? stage","What is the scope of physical therapy guidelines for Parkinson's disease in terms of patient groups, and what warning is provided regarding the generalizability of these guidelines to patients in advanced stages? stage physical therapy physiotherapy physical therapist Parkinson's disease Parkinson disease treatment therapy intervention stage disease stage"
14,Parkinson - kapsam,Dense-only,Physical Therapist Management of Parkinson Disease_chunk_0007,,0.0,0.0,0.0,0.0,0.0,0.0,0.0,2551.8,False,Physical Therapist Management of Parkinson Disease_chunk_0085; Physical Therapist Management of Parkinson Disease_chunk_0005; 10_WHO_PIR_Annex_Module3_Evidence_Tables_chunk_0076; Physical Therapist Management of Parkinson Disease_chunk_0004; Physical Therapist Management of Parkinson Disease_chunk_0002; 10_WHO_PIR_Annex_Module3_Evidence_Tables_chunk_0112; 10_WHO_PIR_Annex_Module3_Evidence_Tables_chunk_0075; Physical Therapist Management of Parkinson Disease_chunk_0086; 10_WHO_PIR_Annex_Module3_Evidence_Tables_chunk_0072; 10_WHO_PIR_Annex_Module3_Evidence_Tables_chunk_0081,Parkinson hastalığı fizik tedavi kılavuzunun kapsamı hangi hasta grubuyla sınırlıdır ve ileri evre hastalar için genellenebilirlik konusunda hangi uyarı yapılmıştır?,"What is the scope of physical therapy guidelines for Parkinson's disease in terms of patient groups, and what warning is provided regarding the generalizability of these guidelines to patients in advanced stages? stage","What is the scope of physical therapy guidelines for Parkinson's disease in terms of patient groups, and what warning is provided regarding the generalizability of these guidelines to patients in advanced stages? stage physical therapy physiotherapy physical therapist Parkinson's disease Parkinson disease treatment therapy intervention stage disease stage"
14,Parkinson - kapsam,Dense+BM25 RRF,Physical Therapist Management of Parkinson Disease_chunk_0007,,0.0,0.0,0.0,0.0,0.0,0.0,0.0,0.2,False,10_WHO_PIR_Annex_Module3_Evidence_Tables_chunk_0076; Physical Therapist Management of Parkinson Disease_chunk_0085; 10_WHO_PIR_Annex_Module3_Evidence_Tables_chunk_0075; 10_WHO_PIR_Annex_Module3_Evidence_Tables_chunk_0072; 10_WHO_PIR_Annex_Module3_Evidence_Tables_chunk_0112; Physical Therapist Management of Parkinson Disease_chunk_0004; 10_WHO_PIR_Annex_Module3_Evidence_Tables_chunk_0074; 10_WHO_PIR_Annex_Module3_Evidence_Tables_chunk_0081; Physical Therapist Management of Parkinson Disease_chunk_0121; Physical Therapist Management of Parkinson Disease_chunk_0005,Parkinson hastalığı fizik tedavi kılavuzunun kapsamı hangi hasta grubuyla sınırlıdır ve ileri evre hastalar için genellenebilirlik konusunda hangi uyarı yapılmıştır?,"What is the scope of physical therapy guidelines for Parkinson's disease in terms of patient groups, and what warning is provided regarding the generalizability of these guidelines to patients in advanced stages? stage","What is the scope of physical therapy guidelines for Parkinson's disease in terms of patient groups, and what warning is provided regarding the generalizability of these guidelines to patients in advanced stages? stage physical therapy physiotherapy physical therapist Parkinson's disease Parkinson disease treatment therapy intervention stage disease stage"
14,Parkinson - kapsam,RRF+Reranker,Physical Therapist Management of Parkinson Disease_chunk_0007,,0.0,0.0,0.0,0.0,0.0,0.0,0.0,5180.1,False,Physical Therapist Management of Parkinson Disease_chunk_0085; 10_WHO_PIR_Annex_Module3_Evidence_Tables_chunk_0076; Physical Therapist Management of Parkinson Disease_chunk_0005; 10_WHO_PIR_Annex_Module3_Evidence_Tables_chunk_0074; Physical Therapist Management of Parkinson Disease_chunk_0121; Physical Therapist Management of Parkinson Disease_chunk_0012; 10_WHO_PIR_Annex_Module3_Evidence_Tables_chunk_0112; 10_WHO_PIR_Annex_Module3_Evidence_Tables_chunk_0075; 10_WHO_PIR_Annex_Module3_Evidence_Tables_chunk_0081; Physical Therapist Management of Parkinson Disease_chunk_0004,Parkinson hastalığı fizik tedavi kılavuzunun kapsamı hangi hasta grubuyla sınırlıdır ve ileri evre hastalar için genellenebilirlik konusunda hangi uyarı yapılmıştır?,"What is the scope of physical therapy guidelines for Parkinson's disease in terms of patient groups, and what warning is provided regarding the generalizability of these guidelines to patients in advanced stages? stage","What is the scope of physical therapy guidelines for Parkinson's disease in terms of patient groups, and what warning is provided regarding the generalizability of these guidelines to patients in advanced stages? stage physical therapy physiotherapy physical therapist Parkinson's disease Parkinson disease treatment therapy intervention stage disease stage"
15,MS - yorgunluk,BM25-only,multiple-sclerosis-in-adults-management-pdf-66143828948677_chunk_0020,1,1.0,1.0,1.0,1.0,1.0,1.0,1.0,86.0,True,multiple-sclerosis-in-adults-management-pdf-66143828948677_chunk_0020; multiple-sclerosis-in-adults-management-pdf-66143828948677_chunk_0023; multiple-sclerosis-in-adults-management-pdf-66143828948677_chunk_0053; multiple-sclerosis-in-adults-management-pdf-66143828948677_chunk_0052; 02_WHO_PIR_Module2_Musculoskeletal_chunk_0185; multiple-sclerosis-in-adults-management-pdf-66143828948677_chunk_0022; multiple-sclerosis-in-adults-management-pdf-66143828948677_chunk_0019; 03_WHO_PIR_Module3_Neurological_chunk_0369; 09_WHO_PIR_Annex_Module2_Evidence_Tables_chunk_0071; Physical Therapist Management of Parkinson Disease_chunk_0008,MS’de orta derecede mobilite bozukluğu olan ve EDSS skoru en az 4 olan kişilerde yorgunluk için hangi egzersiz ve bilişsel yaklaşım kombinasyonu düşünülebilir?,"In patients with multiple sclerosis with moderate severity mobility impairment and an EDSS score of at least 4, what combination of exercise and cognitive approaches is considered for fatigue management?","In patients with multiple sclerosis with moderate severity mobility impairment and an EDSS score of at least 4, what combination of exercise and cognitive approaches is considered for fatigue management? fatigue fatigue management exercise exercise training exercise program mobility functional mobility moderate moderate severity"
15,MS - yorgunluk,Dense-only,multiple-sclerosis-in-adults-management-pdf-66143828948677_chunk_0020,1,1.0,1.0,1.0,1.0,1.0,1.0,1.0,2683.2,True,multiple-sclerosis-in-adults-management-pdf-66143828948677_chunk_0020; multiple-sclerosis-in-adults-management-pdf-66143828948677_chunk_0052; multiple-sclerosis-in-adults-management-pdf-66143828948677_chunk_0053; multiple-sclerosis-in-adults-management-pdf-66143828948677_chunk_0023; multiple-sclerosis-in-adults-management-pdf-66143828948677_chunk_0019; multiple-sclerosis-in-adults-management-pdf-66143828948677_chunk_0003; 02_WHO_PIR_Module2_Musculoskeletal_chunk_0066; multiple-sclerosis-in-adults-management-pdf-66143828948677_chunk_0022; 02_WHO_PIR_Module2_Musculoskeletal_chunk_0064; multiple-sclerosis-in-adults-management-pdf-66143828948677_chunk_0054,MS’de orta derecede mobilite bozukluğu olan ve EDSS skoru en az 4 olan kişilerde yorgunluk için hangi egzersiz ve bilişsel yaklaşım kombinasyonu düşünülebilir?,"In patients with multiple sclerosis with moderate severity mobility impairment and an EDSS score of at least 4, what combination of exercise and cognitive approaches is considered for fatigue management?","In patients with multiple sclerosis with moderate severity mobility impairment and an EDSS score of at least 4, what combination of exercise and cognitive approaches is considered for fatigue management? fatigue fatigue management exercise exercise training exercise program mobility functional mobility moderate moderate severity"
15,MS - yorgunluk,Dense+BM25 RRF,multiple-sclerosis-in-adults-management-pdf-66143828948677_chunk_0020,1,1.0,1.0,1.0,1.0,1.0,1.0,1.0,0.3,True,multiple-sclerosis-in-adults-management-pdf-66143828948677_chunk_0020; multiple-sclerosis-in-adults-management-pdf-66143828948677_chunk_0052; multiple-sclerosis-in-adults-management-pdf-66143828948677_chunk_0053; multiple-sclerosis-in-adults-management-pdf-66143828948677_chunk_0023; multiple-sclerosis-in-adults-management-pdf-66143828948677_chunk_0019; multiple-sclerosis-in-adults-management-pdf-66143828948677_chunk_0022; multiple-sclerosis-in-adults-management-pdf-66143828948677_chunk_0003; 16_WHO_Physical_Activity_Guidelines_2020_chunk_0137; 02_WHO_PIR_Module2_Musculoskeletal_chunk_0064; 02_WHO_PIR_Module2_Musculoskeletal_chunk_0066,MS’de orta derecede mobilite bozukluğu olan ve EDSS skoru en az 4 olan kişilerde yorgunluk için hangi egzersiz ve bilişsel yaklaşım kombinasyonu düşünülebilir?,"In patients with multiple sclerosis with moderate severity mobility impairment and an EDSS score of at least 4, what combination of exercise and cognitive approaches is considered for fatigue management?","In patients with multiple sclerosis with moderate severity mobility impairment and an EDSS score of at least 4, what combination of exercise and cognitive approaches is considered for fatigue management? fatigue fatigue management exercise exercise training exercise program mobility functional mobility moderate moderate severity"
15,MS - yorgunluk,RRF+Reranker,multiple-sclerosis-in-adults-management-pdf-66143828948677_chunk_0020,2,0.0,1.0,1.0,1.0,0.5,0.6309,0.6309,4855.3,True,multiple-sclerosis-in-adults-management-pdf-66143828948677_chunk_0052; multiple-sclerosis-in-adults-management-pdf-66143828948677_chunk_0020; multiple-sclerosis-in-adults-management-pdf-66143828948677_chunk_0053; multiple-sclerosis-in-adults-management-pdf-66143828948677_chunk_0019; multiple-sclerosis-in-adults-management-pdf-66143828948677_chunk_0023; 16_WHO_Physical_Activity_Guidelines_2020_chunk_0137; Physical Therapist Management of Parkinson Disease_chunk_0069; multiple-sclerosis-in-adults-management-pdf-66143828948677_chunk_0022; multiple-sclerosis-in-adults-management-pdf-66143828948677_chunk_0028; Physical Therapist Management of Parkinson Disease_chunk_0051,MS’de orta derecede mobilite bozukluğu olan ve EDSS skoru en az 4 olan kişilerde yorgunluk için hangi egzersiz ve bilişsel yaklaşım kombinasyonu düşünülebilir?,"In patients with multiple sclerosis with moderate severity mobility impairment and an EDSS score of at least 4, what combination of exercise and cognitive approaches is considered for fatigue management?","In patients with multiple sclerosis with moderate severity mobility impairment and an EDSS score of at least 4, what combination of exercise and cognitive approaches is considered for fatigue management? fatigue fatigue management exercise exercise training exercise program mobility functional mobility moderate moderate severity"
16,MS - multidisipliner bakım,BM25-only,multiple-sclerosis-in-adults-management-pdf-66143828948677_chunk_0016,1,1.0,1.0,1.0,1.0,1.0,1.0,1.0,52.0,True,multiple-sclerosis-in-adults-management-pdf-66143828948677_chunk_0016; rehabilitation-after-traumatic-injury-pdf-66143770162117_chunk_0104; rehabilitation-after-traumatic-injury-pdf-66143770162117_chunk_0016; stroke-rehabilitation-in-adults-pdf-66143899492549_chunk_0008; WHO guideline for non-surgical_chunk_0301; WHO guideline for non-surgical_chunk_0086; rehabilitation-after-traumatic-injury-pdf-66143770162117_chunk_0103; rehabilitation-after-traumatic-injury-pdf-66143770162117_chunk_0096; multiple-sclerosis-in-adults-management-pdf-66143828948677_chunk_0005; multiple-sclerosis-in-adults-management-pdf-66143828948677_chunk_0063,MS bakımında koordineli multidisipliner yaklaşım içinde hangi sağlık profesyonellerinin yer alması önerilmektedir?,What healthcare professionals should be included in a coordinated multidisciplinary approach for the management of multiple sclerosis?,What healthcare professionals should be included in a coordinated multidisciplinary approach for the management of multiple sclerosis? multidisciplinary multidisciplinary team
16,MS - multidisipliner bakım,Dense-only,multiple-sclerosis-in-adults-management-pdf-66143828948677_chunk_0016,1,1.0,1.0,1.0,1.0,1.0,1.0,1.0,2435.0,True,multiple-sclerosis-in-adults-management-pdf-66143828948677_chunk_0016; multiple-sclerosis-in-adults-management-pdf-66143828948677_chunk_0041; Physical Therapist Management of Parkinson Disease_chunk_0074; multiple-sclerosis-in-adults-management-pdf-66143828948677_chunk_0029; multiple-sclerosis-in-adults-management-pdf-66143828948677_chunk_0051; multiple-sclerosis-in-adults-management-pdf-66143828948677_chunk_0005; multiple-sclerosis-in-adults-management-pdf-66143828948677_chunk_0003; multiple-sclerosis-in-adults-management-pdf-66143828948677_chunk_0031; stroke-rehabilitation-in-adults-pdf-66143899492549_chunk_0008; multiple-sclerosis-in-adults-management-pdf-66143828948677_chunk_0004,MS bakımında koordineli multidisipliner yaklaşım içinde hangi sağlık profesyonellerinin yer alması önerilmektedir?,What healthcare professionals should be included in a coordinated multidisciplinary approach for the management of multiple sclerosis?,What healthcare professionals should be included in a coordinated multidisciplinary approach for the management of multiple sclerosis? multidisciplinary multidisciplinary team
16,MS - multidisipliner bakım,Dense+BM25 RRF,multiple-sclerosis-in-adults-management-pdf-66143828948677_chunk_0016,1,1.0,1.0,1.0,1.0,1.0,1.0,1.0,0.2,True,multiple-sclerosis-in-adults-management-pdf-66143828948677_chunk_0016; stroke-rehabilitation-in-adults-pdf-66143899492549_chunk_0008; multiple-sclerosis-in-adults-management-pdf-66143828948677_chunk_0005; Physical Therapist Management of Parkinson Disease_chunk_0074; multiple-sclerosis-in-adults-management-pdf-66143828948677_chunk_0041; WHO guideline for non-surgical_chunk_0086; multiple-sclerosis-in-adults-management-pdf-66143828948677_chunk_0063; rehabilitation-after-traumatic-injury-pdf-66143770162117_chunk_0104; multiple-sclerosis-in-adults-management-pdf-66143828948677_chunk_0029; WHO guideline for non-surgical_chunk_0302,MS bakımında koordineli multidisipliner yaklaşım içinde hangi sağlık profesyonellerinin yer alması önerilmektedir?,What healthcare professionals should be included in a coordinated multidisciplinary approach for the management of multiple sclerosis?,What healthcare professionals should be included in a coordinated multidisciplinary approach for the management of multiple sclerosis? multidisciplinary multidisciplinary team
16,MS - multidisipliner bakım,RRF+Reranker,multiple-sclerosis-in-adults-management-pdf-66143828948677_chunk_0016,1,1.0,1.0,1.0,1.0,1.0,1.0,1.0,4759.0,True,multiple-sclerosis-in-adults-management-pdf-66143828948677_chunk_0016; multiple-sclerosis-in-adults-management-pdf-66143828948677_chunk_0063; Physical Therapist Management of Parkinson Disease_chunk_0074; WHO guideline for non-surgical_chunk_0086; multiple-sclerosis-in-adults-management-pdf-66143828948677_chunk_0041; multiple-sclerosis-in-adults-management-pdf-66143828948677_chunk_0005; multiple-sclerosis-in-adults-management-pdf-66143828948677_chunk_0029; physical-therapy-management-of-children-with-developmental_chunk_0063; multiple-sclerosis-in-adults-management-pdf-66143828948677_chunk_0012; multiple-sclerosis-in-adults-management-pdf-66143828948677_chunk_0051,MS bakımında koordineli multidisipliner yaklaşım içinde hangi sağlık profesyonellerinin yer alması önerilmektedir?,What healthcare professionals should be included in a coordinated multidisciplinary approach for the management of multiple sclerosis?,What healthcare professionals should be included in a coordinated multidisciplinary approach for the management of multiple sclerosis? multidisciplinary multidisciplinary team
17,İnme - kardiyorespiratuvar/direnç,BM25-only,stroke-rehabilitation-in-adults-pdf-66143899492549_chunk_0032,1,1.0,1.0,1.0,1.0,1.0,1.0,1.0,60.0,True,stroke-rehabilitation-in-adults-pdf-66143899492549_chunk_0032; 10_WHO_PIR_Annex_Module3_Evidence_Tables_chunk_0035; stroke-rehabilitation-in-adults-pdf-66143899492549_chunk_0031; VADOD-2024-Stroke-Rehab-CPG-Full-CPG_final_508_chunk_0137; Physical Therapist Management of Parkinson Disease_chunk_0093; 10_WHO_PIR_Annex_Module3_Evidence_Tables_chunk_0047; Physical Therapist Management of Parkinson Disease_chunk_0029; VADOD-2024-Stroke-Rehab-CPG-Full-CPG_final_508_chunk_0413; VADOD-2024-Stroke-Rehab-CPG-Full-CPG_final_508_chunk_0432; Physical Therapist Management of Parkinson Disease_chunk_0026,İnme sonrası yürüyebilen ve tıbben stabil kişilerde kardiyorespiratuvar ve direnç antrenmanı nasıl ele alınmalıdır?,How should cardiopulmonary and resistance training be managed in patients who can walk and are medically stable after a stroke?,How should cardiopulmonary and resistance training be managed in patients who can walk and are medically stable after a stroke? resistance resistance training resistive exercise stroke
17,İnme - kardiyorespiratuvar/direnç,Dense-only,stroke-rehabilitation-in-adults-pdf-66143899492549_chunk_0032,1,1.0,1.0,1.0,1.0,1.0,1.0,1.0,2530.1,True,stroke-rehabilitation-in-adults-pdf-66143899492549_chunk_0032; 10_WHO_PIR_Annex_Module3_Evidence_Tables_chunk_0046; VADOD-2024-Stroke-Rehab-CPG-Full-CPG_final_508_chunk_0080; VADOD-2024-Stroke-Rehab-CPG-Full-CPG_final_508_chunk_0300; VADOD-2024-Stroke-Rehab-CPG-Full-CPG_final_508_chunk_0299; 10_WHO_PIR_Annex_Module3_Evidence_Tables_chunk_0047; VADOD-2024-Stroke-Rehab-CPG-Full-CPG_final_508_chunk_0285; 10_WHO_PIR_Annex_Module3_Evidence_Tables_chunk_0042; 10_WHO_PIR_Annex_Module3_Evidence_Tables_chunk_0295; VADOD-2024-Stroke-Rehab-CPG-Full-CPG_final_508_chunk_0433,İnme sonrası yürüyebilen ve tıbben stabil kişilerde kardiyorespiratuvar ve direnç antrenmanı nasıl ele alınmalıdır?,How should cardiopulmonary and resistance training be managed in patients who can walk and are medically stable after a stroke?,How should cardiopulmonary and resistance training be managed in patients who can walk and are medically stable after a stroke? resistance resistance training resistive exercise stroke
17,İnme - kardiyorespiratuvar/direnç,Dense+BM25 RRF,stroke-rehabilitation-in-adults-pdf-66143899492549_chunk_0032,1,1.0,1.0,1.0,1.0,1.0,1.0,1.0,0.3,True,stroke-rehabilitation-in-adults-pdf-66143899492549_chunk_0032; 10_WHO_PIR_Annex_Module3_Evidence_Tables_chunk_0047; 10_WHO_PIR_Annex_Module3_Evidence_Tables_chunk_0035; stroke-rehabilitation-in-adults-pdf-66143899492549_chunk_0031; VADOD-2024-Stroke-Rehab-CPG-Full-CPG_final_508_chunk_0080; 10_WHO_PIR_Annex_Module3_Evidence_Tables_chunk_0042; stroke-rehabilitation-in-adults-pdf-66143899492549_chunk_0034; VADOD-2024-Stroke-Rehab-CPG-Full-CPG_final_508_chunk_0079; Physical Therapist Management of Parkinson Disease_chunk_0093; Physical Therapist Management of Parkinson Disease_chunk_0026,İnme sonrası yürüyebilen ve tıbben stabil kişilerde kardiyorespiratuvar ve direnç antrenmanı nasıl ele alınmalıdır?,How should cardiopulmonary and resistance training be managed in patients who can walk and are medically stable after a stroke?,How should cardiopulmonary and resistance training be managed in patients who can walk and are medically stable after a stroke? resistance resistance training resistive exercise stroke
17,İnme - kardiyorespiratuvar/direnç,RRF+Reranker,stroke-rehabilitation-in-adults-pdf-66143899492549_chunk_0032,1,1.0,1.0,1.0,1.0,1.0,1.0,1.0,4636.0,True,stroke-rehabilitation-in-adults-pdf-66143899492549_chunk_0032; 10_WHO_PIR_Annex_Module3_Evidence_Tables_chunk_0035; VADOD-2024-Stroke-Rehab-CPG-Full-CPG_final_508_chunk_0080; 10_WHO_PIR_Annex_Module3_Evidence_Tables_chunk_0041; 10_WHO_PIR_Annex_Module3_Evidence_Tables_chunk_0042; VADOD-2024-Stroke-Rehab-CPG-Full-CPG_final_508_chunk_0079; VADOD-2024-Stroke-Rehab-CPG-Full-CPG_final_508_chunk_0300; stroke-rehabilitation-in-adults-pdf-66143899492549_chunk_0034; 10_WHO_PIR_Annex_Module3_Evidence_Tables_chunk_0046; VADOD-2024-Stroke-Rehab-CPG-Full-CPG_final_508_chunk_0299,İnme sonrası yürüyebilen ve tıbben stabil kişilerde kardiyorespiratuvar ve direnç antrenmanı nasıl ele alınmalıdır?,How should cardiopulmonary and resistance training be managed in patients who can walk and are medically stable after a stroke?,How should cardiopulmonary and resistance training be managed in patients who can walk and are medically stable after a stroke? resistance resistance training resistive exercise stroke
18,İnme - CIMT,BM25-only,stroke-rehabilitation-in-adults-pdf-66143899492549_chunk_0034,1,1.0,1.0,1.0,1.0,1.0,1.0,1.0,90.7,True,stroke-rehabilitation-in-adults-pdf-66143899492549_chunk_0034; stroke-rehabilitation-in-adults-pdf-66143899492549_chunk_0083; VADOD-2024-Stroke-Rehab-CPG-Full-CPG_final_508_chunk_0051; VADOD-2024-Stroke-Rehab-CPG-Full-CPG_final_508_chunk_0299; 09_WHO_PIR_Annex_Module2_Evidence_Tables_chunk_0213; 10_WHO_PIR_Annex_Module3_Evidence_Tables_chunk_0045; 09_WHO_PIR_Annex_Module2_Evidence_Tables_chunk_0211; VADOD-2024-Stroke-Rehab-CPG-Full-CPG_final_508_chunk_0083; VADOD-2024-Stroke-Rehab-CPG-Full-CPG_final_508_chunk_0102; 09_WHO_PIR_Annex_Module2_Evidence_Tables_chunk_0209,İnme sonrası üst ekstremite rehabilitasyonunda robot destekli kol eğitimi ve constraint-induced movement therapy için kılavuz ne söylüyor?,What does the clinical practice guideline say about robot-assisted arm training and constraint-induced movement therapy in upper extremity rehabilitation after stroke?,What does the clinical practice guideline say about robot-assisted arm training and constraint-induced movement therapy in upper extremity rehabilitation after stroke? upper extremity upper limb guideline clinical guideline clinical practice guideline stroke arm
18,İnme - CIMT,Dense-only,stroke-rehabilitation-in-adults-pdf-66143899492549_chunk_0034,1,1.0,1.0,1.0,1.0,1.0,1.0,1.0,2487.0,True,stroke-rehabilitation-in-adults-pdf-66143899492549_chunk_0034; VADOD-2024-Stroke-Rehab-CPG-Full-CPG_final_508_chunk_0301; 10_WHO_PIR_Annex_Module3_Evidence_Tables_chunk_0045; VADOD-2024-Stroke-Rehab-CPG-Full-CPG_final_508_chunk_0299; VADOD-2024-Stroke-Rehab-CPG-Full-CPG_final_508_chunk_0302; VADOD-2024-Stroke-Rehab-CPG-Full-CPG_final_508_chunk_0051; VADOD-2024-Stroke-Rehab-CPG-Full-CPG_final_508_chunk_0084; VADOD-2024-Stroke-Rehab-CPG-Full-CPG_final_508_chunk_0285; VADOD-2024-Stroke-Rehab-CPG-Full-CPG_final_508_chunk_0102; 10_WHO_PIR_Annex_Module3_Evidence_Tables_chunk_0015,İnme sonrası üst ekstremite rehabilitasyonunda robot destekli kol eğitimi ve constraint-induced movement therapy için kılavuz ne söylüyor?,What does the clinical practice guideline say about robot-assisted arm training and constraint-induced movement therapy in upper extremity rehabilitation after stroke?,What does the clinical practice guideline say about robot-assisted arm training and constraint-induced movement therapy in upper extremity rehabilitation after stroke? upper extremity upper limb guideline clinical guideline clinical practice guideline stroke arm
18,İnme - CIMT,Dense+BM25 RRF,stroke-rehabilitation-in-adults-pdf-66143899492549_chunk_0034,1,1.0,1.0,1.0,1.0,1.0,1.0,1.0,1.2,True,stroke-rehabilitation-in-adults-pdf-66143899492549_chunk_0034; VADOD-2024-Stroke-Rehab-CPG-Full-CPG_final_508_chunk_0299; 10_WHO_PIR_Annex_Module3_Evidence_Tables_chunk_0045; VADOD-2024-Stroke-Rehab-CPG-Full-CPG_final_508_chunk_0051; VADOD-2024-Stroke-Rehab-CPG-Full-CPG_final_508_chunk_0301; VADOD-2024-Stroke-Rehab-CPG-Full-CPG_final_508_chunk_0102; VADOD-2024-Stroke-Rehab-CPG-Full-CPG_final_508_chunk_0285; stroke-rehabilitation-in-adults-pdf-66143899492549_chunk_0083; VADOD-2024-Stroke-Rehab-CPG-Full-CPG_final_508_chunk_0083; 10_WHO_PIR_Annex_Module3_Evidence_Tables_chunk_0015,İnme sonrası üst ekstremite rehabilitasyonunda robot destekli kol eğitimi ve constraint-induced movement therapy için kılavuz ne söylüyor?,What does the clinical practice guideline say about robot-assisted arm training and constraint-induced movement therapy in upper extremity rehabilitation after stroke?,What does the clinical practice guideline say about robot-assisted arm training and constraint-induced movement therapy in upper extremity rehabilitation after stroke? upper extremity upper limb guideline clinical guideline clinical practice guideline stroke arm
18,İnme - CIMT,RRF+Reranker,stroke-rehabilitation-in-adults-pdf-66143899492549_chunk_0034,1,1.0,1.0,1.0,1.0,1.0,1.0,1.0,4878.7,True,stroke-rehabilitation-in-adults-pdf-66143899492549_chunk_0034; VADOD-2024-Stroke-Rehab-CPG-Full-CPG_final_508_chunk_0301; VADOD-2024-Stroke-Rehab-CPG-Full-CPG_final_508_chunk_0299; VADOD-2024-Stroke-Rehab-CPG-Full-CPG_final_508_chunk_0051; VADOD-2024-Stroke-Rehab-CPG-Full-CPG_final_508_chunk_0285; VADOD-2024-Stroke-Rehab-CPG-Full-CPG_final_508_chunk_0083; 10_WHO_PIR_Annex_Module3_Evidence_Tables_chunk_0045; VADOD-2024-Stroke-Rehab-CPG-Full-CPG_final_508_chunk_0084; stroke-rehabilitation-in-adults-pdf-66143899492549_chunk_0071; 10_WHO_PIR_Annex_Module3_Evidence_Tables_chunk_0071,İnme sonrası üst ekstremite rehabilitasyonunda robot destekli kol eğitimi ve constraint-induced movement therapy için kılavuz ne söylüyor?,What does the clinical practice guideline say about robot-assisted arm training and constraint-induced movement therapy in upper extremity rehabilitation after stroke?,What does the clinical practice guideline say about robot-assisted arm training and constraint-induced movement therapy in upper extremity rehabilitation after stroke? upper extremity upper limb guideline clinical guideline clinical practice guideline stroke arm
19,İnme - ayna tedavisi,BM25-only,stroke-rehabilitation-in-adults-pdf-66143899492549_chunk_0036,12,0.0,0.0,0.0,0.0,0.0833,0.0,0.0,88.7,True,stroke-rehabilitation-in-adults-pdf-66143899492549_chunk_0074; 16_WHO_Physical_Activity_Guidelines_2020_chunk_0071; VADOD-2024-Stroke-Rehab-CPG-Full-CPG_final_508_chunk_0070; VADOD-2024-Stroke-Rehab-CPG-Full-CPG_final_508_chunk_0119; VADOD-2024-Stroke-Rehab-CPG-Full-CPG_final_508_chunk_0195; VADOD-2024-Stroke-Rehab-CPG-Full-CPG_final_508_chunk_0223; VADOD-2024-Stroke-Rehab-CPG-Full-CPG_final_508_chunk_0211; stroke-rehabilitation-in-adults-pdf-66143899492549_chunk_0017; VADOD-2024-Stroke-Rehab-CPG-Full-CPG_final_508_chunk_0226; VADOD-2024-Stroke-Rehab-CPG-Full-CPG_final_508_chunk_0225,"İnme sonrası ayna tedavisi hangi amaçla düşünülebilir, ne zaman başlanması önerilir ve seans süresi/sıklığı hakkında ne belirtilmiştir?","What is the purpose of mirror therapy after stroke, when is it recommended to start, and what is stated regarding session duration and frequency?","What is the purpose of mirror therapy after stroke, when is it recommended to start, and what is stated regarding session duration and frequency? session duration session treatment session stroke"
19,İnme - ayna tedavisi,Dense-only,stroke-rehabilitation-in-adults-pdf-66143899492549_chunk_0036,2,0.0,1.0,1.0,1.0,0.5,0.6309,0.6309,2611.3,True,stroke-rehabilitation-in-adults-pdf-66143899492549_chunk_0074; stroke-rehabilitation-in-adults-pdf-66143899492549_chunk_0036; stroke-rehabilitation-in-adults-pdf-66143899492549_chunk_0059; VADOD-2024-Stroke-Rehab-CPG-Full-CPG_final_508_chunk_0424; VADOD-2024-Stroke-Rehab-CPG-Full-CPG_final_508_chunk_0074; VADOD-2024-Stroke-Rehab-CPG-Full-CPG_final_508_chunk_0286; VADOD-2024-Stroke-Rehab-CPG-Full-CPG_final_508_chunk_0285; VADOD-2024-Stroke-Rehab-CPG-Full-CPG_final_508_chunk_0073; 10_WHO_PIR_Annex_Module3_Evidence_Tables_chunk_0039; stroke-rehabilitation-in-adults-pdf-66143899492549_chunk_0024,"İnme sonrası ayna tedavisi hangi amaçla düşünülebilir, ne zaman başlanması önerilir ve seans süresi/sıklığı hakkında ne belirtilmiştir?","What is the purpose of mirror therapy after stroke, when is it recommended to start, and what is stated regarding session duration and frequency?","What is the purpose of mirror therapy after stroke, when is it recommended to start, and what is stated regarding session duration and frequency? session duration session treatment session stroke"
19,İnme - ayna tedavisi,Dense+BM25 RRF,stroke-rehabilitation-in-adults-pdf-66143899492549_chunk_0036,2,0.0,1.0,1.0,1.0,0.5,0.6309,0.6309,0.2,True,stroke-rehabilitation-in-adults-pdf-66143899492549_chunk_0074; stroke-rehabilitation-in-adults-pdf-66143899492549_chunk_0036; VADOD-2024-Stroke-Rehab-CPG-Full-CPG_final_508_chunk_0073; stroke-rehabilitation-in-adults-pdf-66143899492549_chunk_0017; VADOD-2024-Stroke-Rehab-CPG-Full-CPG_final_508_chunk_0211; VADOD-2024-Stroke-Rehab-CPG-Full-CPG_final_508_chunk_0152; stroke-rehabilitation-in-adults-pdf-66143899492549_chunk_0059; stroke-rehabilitation-in-adults-pdf-66143899492549_chunk_0062; VADOD-2024-Stroke-Rehab-CPG-Full-CPG_final_508_chunk_0424; 10_WHO_PIR_Annex_Module3_Evidence_Tables_chunk_0039,"İnme sonrası ayna tedavisi hangi amaçla düşünülebilir, ne zaman başlanması önerilir ve seans süresi/sıklığı hakkında ne belirtilmiştir?","What is the purpose of mirror therapy after stroke, when is it recommended to start, and what is stated regarding session duration and frequency?","What is the purpose of mirror therapy after stroke, when is it recommended to start, and what is stated regarding session duration and frequency? session duration session treatment session stroke"
19,İnme - ayna tedavisi,RRF+Reranker,stroke-rehabilitation-in-adults-pdf-66143899492549_chunk_0036,2,0.0,1.0,1.0,1.0,0.5,0.6309,0.6309,5372.0,True,stroke-rehabilitation-in-adults-pdf-66143899492549_chunk_0074; stroke-rehabilitation-in-adults-pdf-66143899492549_chunk_0036; stroke-rehabilitation-in-adults-pdf-66143899492549_chunk_0017; VADOD-2024-Stroke-Rehab-CPG-Full-CPG_final_508_chunk_0211; 10_WHO_PIR_Annex_Module3_Evidence_Tables_chunk_0039; VADOD-2024-Stroke-Rehab-CPG-Full-CPG_final_508_chunk_0050; VADOD-2024-Stroke-Rehab-CPG-Full-CPG_final_508_chunk_0049; 10_WHO_PIR_Annex_Module3_Evidence_Tables_chunk_0071; VADOD-2024-Stroke-Rehab-CPG-Full-CPG_final_508_chunk_0424; VADOD-2024-Stroke-Rehab-CPG-Full-CPG_final_508_chunk_0286,"İnme sonrası ayna tedavisi hangi amaçla düşünülebilir, ne zaman başlanması önerilir ve seans süresi/sıklığı hakkında ne belirtilmiştir?","What is the purpose of mirror therapy after stroke, when is it recommended to start, and what is stated regarding session duration and frequency?","What is the purpose of mirror therapy after stroke, when is it recommended to start, and what is stated regarding session duration and frequency? session duration session treatment session stroke"
20,WHO - MS ve fiziksel aktivite,BM25-only,16_WHO_Physical_Activity_Guidelines_2020_chunk_0137,2,0.0,1.0,1.0,1.0,0.5,0.6309,0.6309,94.4,True,10_WHO_PIR_Annex_Module3_Evidence_Tables_chunk_0288; 16_WHO_Physical_Activity_Guidelines_2020_chunk_0137; 16_WHO_Physical_Activity_Guidelines_2020_chunk_0134; 16_WHO_Physical_Activity_Guidelines_2020_chunk_0103; 16_WHO_Physical_Activity_Guidelines_2020_chunk_0135; 16_WHO_Physical_Activity_Guidelines_2020_chunk_0136; 16_WHO_Physical_Activity_Guidelines_2020_chunk_0132; 10_WHO_PIR_Annex_Module3_Evidence_Tables_chunk_0287; 10_WHO_PIR_Annex_Module3_Evidence_Tables_chunk_0039; Physical Therapist Management of Parkinson Disease_chunk_0037,"MS’li yetişkinlerde fiziksel aktivitenin fiziksel fonksiyon, yürüme, kardiyorespiratuvar uygunluk, kuvvet ve denge üzerindeki etkilerine ilişkin kanıt düzeyi nedir?","What is the level of evidence regarding the effects of physical activity on physical function, gait, cardiopulmonary fitness, strength, and balance in adults with multiple sclerosis?","What is the level of evidence regarding the effects of physical activity on physical function, gait, cardiopulmonary fitness, strength, and balance in adults with multiple sclerosis? level of evidence evidence level function functional ability physical function gait walking gait training strength muscle strength balance balance training postural balance evidence"
20,WHO - MS ve fiziksel aktivite,Dense-only,16_WHO_Physical_Activity_Guidelines_2020_chunk_0137,1,1.0,1.0,1.0,1.0,1.0,1.0,1.0,2196.8,True,16_WHO_Physical_Activity_Guidelines_2020_chunk_0137; 16_WHO_Physical_Activity_Guidelines_2020_chunk_0134; 16_WHO_Physical_Activity_Guidelines_2020_chunk_0037; 16_WHO_Physical_Activity_Guidelines_2020_chunk_0132; 16_WHO_Physical_Activity_Guidelines_2020_chunk_0136; 16_WHO_Physical_Activity_Guidelines_2020_chunk_0102; 16_WHO_Physical_Activity_Guidelines_2020_chunk_0135; multiple-sclerosis-in-adults-management-pdf-66143828948677_chunk_0030; 16_WHO_Physical_Activity_Guidelines_2020_chunk_0172; 16_WHO_Physical_Activity_Guidelines_2020_chunk_0165,"MS’li yetişkinlerde fiziksel aktivitenin fiziksel fonksiyon, yürüme, kardiyorespiratuvar uygunluk, kuvvet ve denge üzerindeki etkilerine ilişkin kanıt düzeyi nedir?","What is the level of evidence regarding the effects of physical activity on physical function, gait, cardiopulmonary fitness, strength, and balance in adults with multiple sclerosis?","What is the level of evidence regarding the effects of physical activity on physical function, gait, cardiopulmonary fitness, strength, and balance in adults with multiple sclerosis? level of evidence evidence level function functional ability physical function gait walking gait training strength muscle strength balance balance training postural balance evidence"
20,WHO - MS ve fiziksel aktivite,Dense+BM25 RRF,16_WHO_Physical_Activity_Guidelines_2020_chunk_0137,1,1.0,1.0,1.0,1.0,1.0,1.0,1.0,0.2,True,16_WHO_Physical_Activity_Guidelines_2020_chunk_0137; 16_WHO_Physical_Activity_Guidelines_2020_chunk_0134; 16_WHO_Physical_Activity_Guidelines_2020_chunk_0132; 16_WHO_Physical_Activity_Guidelines_2020_chunk_0136; 16_WHO_Physical_Activity_Guidelines_2020_chunk_0135; 16_WHO_Physical_Activity_Guidelines_2020_chunk_0103; 16_WHO_Physical_Activity_Guidelines_2020_chunk_0102; 16_WHO_Physical_Activity_Guidelines_2020_chunk_0037; 16_WHO_Physical_Activity_Guidelines_2020_chunk_0022; 16_WHO_Physical_Activity_Guidelines_2020_chunk_0087,"MS’li yetişkinlerde fiziksel aktivitenin fiziksel fonksiyon, yürüme, kardiyorespiratuvar uygunluk, kuvvet ve denge üzerindeki etkilerine ilişkin kanıt düzeyi nedir?","What is the level of evidence regarding the effects of physical activity on physical function, gait, cardiopulmonary fitness, strength, and balance in adults with multiple sclerosis?","What is the level of evidence regarding the effects of physical activity on physical function, gait, cardiopulmonary fitness, strength, and balance in adults with multiple sclerosis? level of evidence evidence level function functional ability physical function gait walking gait training strength muscle strength balance balance training postural balance evidence"
20,WHO - MS ve fiziksel aktivite,RRF+Reranker,16_WHO_Physical_Activity_Guidelines_2020_chunk_0137,1,1.0,1.0,1.0,1.0,1.0,1.0,1.0,4684.1,True,16_WHO_Physical_Activity_Guidelines_2020_chunk_0137; 16_WHO_Physical_Activity_Guidelines_2020_chunk_0134; 16_WHO_Physical_Activity_Guidelines_2020_chunk_0102; 16_WHO_Physical_Activity_Guidelines_2020_chunk_0132; physical-therapy-management-of-children-with-developmental_chunk_0070; Physical Therapist Management of Parkinson Disease_chunk_0037; Physical Therapist Management of Parkinson Disease_chunk_0060; 10_WHO_PIR_Annex_Module3_Evidence_Tables_chunk_0287; 16_WHO_Physical_Activity_Guidelines_2020_chunk_0083; 16_WHO_Physical_Activity_Guidelines_2020_chunk_0136,"MS’li yetişkinlerde fiziksel aktivitenin fiziksel fonksiyon, yürüme, kardiyorespiratuvar uygunluk, kuvvet ve denge üzerindeki etkilerine ilişkin kanıt düzeyi nedir?","What is the level of evidence regarding the effects of physical activity on physical function, gait, cardiopulmonary fitness, strength, and balance in adults with multiple sclerosis?","What is the level of evidence regarding the effects of physical activity on physical function, gait, cardiopulmonary fitness, strength, and balance in adults with multiple sclerosis? level of evidence evidence level function functional ability physical function gait walking gait training strength muscle strength balance balance training postural balance evidence"
