Question ID,Category,Method,Gold IDs,Gold Count,Gold Ranks,First Relevant Rank,Hit@1,Recall@1,Recall@3,Recall@5,Recall@10,MRR,nDCG@5,nDCG@10,Time ms,Gold Found,Top 10 IDs,Question,Rewritten Query,BM25 Query
NEW-001,Low Back Pain,BM25-only,02_WHO_PIR_Module2_Musculoskeletal_chunk_0010,1,1,1,1.0,1.0,1.0,1.0,1.0,1.0,1.0,1.0,74.8,True,02_WHO_PIR_Module2_Musculoskeletal_chunk_0010; stroke-rehabilitation-in-adults-pdf-66143899492549_chunk_0017; 01_WHO_PIR_Module1_Introduction_chunk_0009; physical-therapy-management-of-children-with-developmental_chunk_0071; rehabilitation-after-traumatic-injury-pdf-66143770162117_chunk_0054; WHO guideline for non-surgical_chunk_0020; WHO guideline for non-surgical_chunk_0479; 02_WHO_PIR_Module2_Musculoskeletal_chunk_0009; rehabilitation-after-traumatic-injury-pdf-66143770162117_chunk_0030; WHO guideline for non-surgical_chunk_0484,WHO'nun kronik primer bel ağrısı için rehabilitasyon paketinin hedef popülasyonu nasıl tanımlanmaktadır?,What is the defined target population for the World Health Organization's rehabilitation package for chronic primary low back pain? rehabilitation goal goal,What is the defined target population for the World Health Organization's rehabilitation package for chronic primary low back pain? rehabilitation goal goal rehabilitation goal rehabilitation goals rehabilitation rehabilitation program chronic goal goals treatment goals low back lumbar
NEW-001,Low Back Pain,Dense-only,02_WHO_PIR_Module2_Musculoskeletal_chunk_0010,1,1,1,1.0,1.0,1.0,1.0,1.0,1.0,1.0,1.0,5346.8,True,02_WHO_PIR_Module2_Musculoskeletal_chunk_0010; 01_WHO_PIR_Module1_Introduction_chunk_0009; 02_WHO_PIR_Module2_Musculoskeletal_chunk_0008; 04_WHO_PIR_Module4_Cardiopulmonary_chunk_0044; 02_WHO_PIR_Module2_Musculoskeletal_chunk_0009; WHO guideline for non-surgical_chunk_0058; WHO guideline for non-surgical_chunk_0596; WHO guideline for non-surgical_chunk_0010; WHO guideline for non-surgical_chunk_0002; WHO guideline for non-surgical_chunk_0001,WHO'nun kronik primer bel ağrısı için rehabilitasyon paketinin hedef popülasyonu nasıl tanımlanmaktadır?,What is the defined target population for the World Health Organization's rehabilitation package for chronic primary low back pain? rehabilitation goal goal,What is the defined target population for the World Health Organization's rehabilitation package for chronic primary low back pain? rehabilitation goal goal rehabilitation goal rehabilitation goals rehabilitation rehabilitation program chronic goal goals treatment goals low back lumbar
NEW-001,Low Back Pain,Dense+BM25 RRF,02_WHO_PIR_Module2_Musculoskeletal_chunk_0010,1,1,1,1.0,1.0,1.0,1.0,1.0,1.0,1.0,1.0,0.1,True,02_WHO_PIR_Module2_Musculoskeletal_chunk_0010; 01_WHO_PIR_Module1_Introduction_chunk_0009; 02_WHO_PIR_Module2_Musculoskeletal_chunk_0009; WHO guideline for non-surgical_chunk_0484; WHO guideline for non-surgical_chunk_0058; WHO guideline for non-surgical_chunk_0596; WHO guideline for non-surgical_chunk_0001; WHO guideline for non-surgical_chunk_0479; WHO guideline for non-surgical_chunk_0003; 09_WHO_PIR_Annex_Module2_Evidence_Tables_chunk_0037,WHO'nun kronik primer bel ağrısı için rehabilitasyon paketinin hedef popülasyonu nasıl tanımlanmaktadır?,What is the defined target population for the World Health Organization's rehabilitation package for chronic primary low back pain? rehabilitation goal goal,What is the defined target population for the World Health Organization's rehabilitation package for chronic primary low back pain? rehabilitation goal goal rehabilitation goal rehabilitation goals rehabilitation rehabilitation program chronic goal goals treatment goals low back lumbar
NEW-001,Low Back Pain,RRF+Reranker,02_WHO_PIR_Module2_Musculoskeletal_chunk_0010,1,2,2,0.0,0.0,1.0,1.0,1.0,0.5,0.6309,0.6309,4495.6,True,02_WHO_PIR_Module2_Musculoskeletal_chunk_0008; 02_WHO_PIR_Module2_Musculoskeletal_chunk_0010; 01_WHO_PIR_Module1_Introduction_chunk_0009; WHO guideline for non-surgical_chunk_0058; 02_WHO_PIR_Module2_Musculoskeletal_chunk_0009; WHO guideline for non-surgical_chunk_0076; WHO guideline for non-surgical_chunk_0002; 01_WHO_PIR_Module1_Introduction_chunk_0005; WHO guideline for non-surgical_chunk_0020; WHO guideline for non-surgical_chunk_0063,WHO'nun kronik primer bel ağrısı için rehabilitasyon paketinin hedef popülasyonu nasıl tanımlanmaktadır?,What is the defined target population for the World Health Organization's rehabilitation package for chronic primary low back pain? rehabilitation goal goal,What is the defined target population for the World Health Organization's rehabilitation package for chronic primary low back pain? rehabilitation goal goal rehabilitation goal rehabilitation goals rehabilitation rehabilitation program chronic goal goals treatment goals low back lumbar
NEW-002,Low Back Pain,BM25-only,02_WHO_PIR_Module2_Musculoskeletal_chunk_0016,1,1,1,1.0,1.0,1.0,1.0,1.0,1.0,1.0,1.0,58.2,True,02_WHO_PIR_Module2_Musculoskeletal_chunk_0016; 02_WHO_PIR_Module2_Musculoskeletal_chunk_0010; WHO guideline for non-surgical_chunk_0020; 09_WHO_PIR_Annex_Module2_Evidence_Tables_chunk_0041; 02_WHO_PIR_Module2_Musculoskeletal_chunk_0018; WHO guideline for non-surgical_chunk_0493; 02_WHO_PIR_Module2_Musculoskeletal_chunk_0009; WHO guideline for non-surgical_chunk_0001; WHO guideline for non-surgical_chunk_0003; 09_WHO_PIR_Annex_Module2_Evidence_Tables_chunk_0021,Kronik bel ağrısında öz-yönetimi desteklemek için WHO paketinde hangi iki eğitim yaklaşımı açıkça listelenmektedir?,What are the two education approaches explicitly listed in the WHO package for supporting self-management in chronic low back pain?,What are the two education approaches explicitly listed in the WHO package for supporting self-management in chronic low back pain? education training chronic low back lumbar
NEW-002,Low Back Pain,Dense-only,02_WHO_PIR_Module2_Musculoskeletal_chunk_0016,1,1,1,1.0,1.0,1.0,1.0,1.0,1.0,1.0,1.0,2264.2,True,02_WHO_PIR_Module2_Musculoskeletal_chunk_0016; 02_WHO_PIR_Module2_Musculoskeletal_chunk_0010; WHO guideline for non-surgical_chunk_0001; 09_WHO_PIR_Annex_Module2_Evidence_Tables_chunk_0322; WHO guideline for non-surgical_chunk_0002; WHO guideline for non-surgical_chunk_0596; WHO guideline for non-surgical_chunk_0003; 02_WHO_PIR_Module2_Musculoskeletal_chunk_0027; 02_WHO_PIR_Module2_Musculoskeletal_chunk_0125; 02_WHO_PIR_Module2_Musculoskeletal_chunk_0097,Kronik bel ağrısında öz-yönetimi desteklemek için WHO paketinde hangi iki eğitim yaklaşımı açıkça listelenmektedir?,What are the two education approaches explicitly listed in the WHO package for supporting self-management in chronic low back pain?,What are the two education approaches explicitly listed in the WHO package for supporting self-management in chronic low back pain? education training chronic low back lumbar
NEW-002,Low Back Pain,Dense+BM25 RRF,02_WHO_PIR_Module2_Musculoskeletal_chunk_0016,1,1,1,1.0,1.0,1.0,1.0,1.0,1.0,1.0,1.0,0.1,True,02_WHO_PIR_Module2_Musculoskeletal_chunk_0016; 02_WHO_PIR_Module2_Musculoskeletal_chunk_0010; WHO guideline for non-surgical_chunk_0001; WHO guideline for non-surgical_chunk_0003; WHO guideline for non-surgical_chunk_0596; WHO guideline for non-surgical_chunk_0479; 09_WHO_PIR_Annex_Module2_Evidence_Tables_chunk_0051; WHO guideline for non-surgical_chunk_0078; WHO guideline for non-surgical_chunk_0015; WHO guideline for non-surgical_chunk_0032,Kronik bel ağrısında öz-yönetimi desteklemek için WHO paketinde hangi iki eğitim yaklaşımı açıkça listelenmektedir?,What are the two education approaches explicitly listed in the WHO package for supporting self-management in chronic low back pain?,What are the two education approaches explicitly listed in the WHO package for supporting self-management in chronic low back pain? education training chronic low back lumbar
NEW-002,Low Back Pain,RRF+Reranker,02_WHO_PIR_Module2_Musculoskeletal_chunk_0016,1,5,5,0.0,0.0,0.0,1.0,1.0,0.2,0.3869,0.3869,3678.7,True,WHO guideline for non-surgical_chunk_0032; WHO guideline for non-surgical_chunk_0078; 09_WHO_PIR_Annex_Module2_Evidence_Tables_chunk_0041; 02_WHO_PIR_Module2_Musculoskeletal_chunk_0010; 02_WHO_PIR_Module2_Musculoskeletal_chunk_0016; WHO guideline for non-surgical_chunk_0002; WHO guideline for non-surgical_chunk_0010; 02_WHO_PIR_Module2_Musculoskeletal_chunk_0008; 02_WHO_PIR_Module2_Musculoskeletal_chunk_0018; WHO guideline for non-surgical_chunk_0001,Kronik bel ağrısında öz-yönetimi desteklemek için WHO paketinde hangi iki eğitim yaklaşımı açıkça listelenmektedir?,What are the two education approaches explicitly listed in the WHO package for supporting self-management in chronic low back pain?,What are the two education approaches explicitly listed in the WHO package for supporting self-management in chronic low back pain? education training chronic low back lumbar
NEW-003,Low Back Pain,BM25-only,02_WHO_PIR_Module2_Musculoskeletal_chunk_0027,1,,,0.0,0.0,0.0,0.0,0.0,0.0,0.0,0.0,57.8,False,Physical Therapist Management of Parkinson Disease_chunk_0060; 09_WHO_PIR_Annex_Module2_Evidence_Tables_chunk_0041; Physical Therapist Management of Parkinson Disease_chunk_0075; 02_WHO_PIR_Module2_Musculoskeletal_chunk_0018; 02_WHO_PIR_Module2_Musculoskeletal_chunk_0016; 09_WHO_PIR_Annex_Module2_Evidence_Tables_chunk_0031; 02_WHO_PIR_Module2_Musculoskeletal_chunk_0029; 09_WHO_PIR_Annex_Module2_Evidence_Tables_chunk_0021; Clinical practice guideline for physical therapist_chunk_0032; 09_WHO_PIR_Annex_Module2_Evidence_Tables_chunk_0020,Bel ağrısı rehabilitasyonunda kendi kendine yönlendirilen egzersiz eğitimi hangi rehabilitasyon alanı altında yer almaktadır?,In which rehabilitation domain is self-directed exercise training included in the rehabilitation of low back pain?,In which rehabilitation domain is self-directed exercise training included in the rehabilitation of low back pain? exercise training training program rehabilitation rehabilitation program exercise exercise program low back lumbar
NEW-003,Low Back Pain,Dense-only,02_WHO_PIR_Module2_Musculoskeletal_chunk_0027,1,,,0.0,0.0,0.0,0.0,0.0,0.0,0.0,0.0,1848.4,False,10_WHO_PIR_Annex_Module3_Evidence_Tables_chunk_0353; 02_WHO_PIR_Module2_Musculoskeletal_chunk_0008; WHO guideline for non-surgical_chunk_0491; 10_WHO_PIR_Annex_Module3_Evidence_Tables_chunk_0266; 09_WHO_PIR_Annex_Module2_Evidence_Tables_chunk_0041; WHO guideline for non-surgical_chunk_0494; 09_WHO_PIR_Annex_Module2_Evidence_Tables_chunk_0007; 09_WHO_PIR_Annex_Module2_Evidence_Tables_chunk_0177; 09_WHO_PIR_Annex_Module2_Evidence_Tables_chunk_0045; 02_WHO_PIR_Module2_Musculoskeletal_chunk_0011,Bel ağrısı rehabilitasyonunda kendi kendine yönlendirilen egzersiz eğitimi hangi rehabilitasyon alanı altında yer almaktadır?,In which rehabilitation domain is self-directed exercise training included in the rehabilitation of low back pain?,In which rehabilitation domain is self-directed exercise training included in the rehabilitation of low back pain? exercise training training program rehabilitation rehabilitation program exercise exercise program low back lumbar
NEW-003,Low Back Pain,Dense+BM25 RRF,02_WHO_PIR_Module2_Musculoskeletal_chunk_0027,1,,,0.0,0.0,0.0,0.0,0.0,0.0,0.0,0.0,0.2,False,09_WHO_PIR_Annex_Module2_Evidence_Tables_chunk_0041; WHO guideline for non-surgical_chunk_0491; 09_WHO_PIR_Annex_Module2_Evidence_Tables_chunk_0177; 02_WHO_PIR_Module2_Musculoskeletal_chunk_0019; 09_WHO_PIR_Annex_Module2_Evidence_Tables_chunk_0045; 10_WHO_PIR_Annex_Module3_Evidence_Tables_chunk_0353; 02_WHO_PIR_Module2_Musculoskeletal_chunk_0016; WHO guideline for non-surgical_chunk_0494; 02_WHO_PIR_Module2_Musculoskeletal_chunk_0011; 09_WHO_PIR_Annex_Module2_Evidence_Tables_chunk_0237,Bel ağrısı rehabilitasyonunda kendi kendine yönlendirilen egzersiz eğitimi hangi rehabilitasyon alanı altında yer almaktadır?,In which rehabilitation domain is self-directed exercise training included in the rehabilitation of low back pain?,In which rehabilitation domain is self-directed exercise training included in the rehabilitation of low back pain? exercise training training program rehabilitation rehabilitation program exercise exercise program low back lumbar
NEW-003,Low Back Pain,RRF+Reranker,02_WHO_PIR_Module2_Musculoskeletal_chunk_0027,1,,,0.0,0.0,0.0,0.0,0.0,0.0,0.0,0.0,3966.3,False,02_WHO_PIR_Module2_Musculoskeletal_chunk_0009; 09_WHO_PIR_Annex_Module2_Evidence_Tables_chunk_0045; 09_WHO_PIR_Annex_Module2_Evidence_Tables_chunk_0037; 09_WHO_PIR_Annex_Module2_Evidence_Tables_chunk_0041; 02_WHO_PIR_Module2_Musculoskeletal_chunk_0008; 02_WHO_PIR_Module2_Musculoskeletal_chunk_0019; 02_WHO_PIR_Module2_Musculoskeletal_chunk_0029; 09_WHO_PIR_Annex_Module2_Evidence_Tables_chunk_0039; 10_WHO_PIR_Annex_Module3_Evidence_Tables_chunk_0353; 10_WHO_PIR_Annex_Module3_Evidence_Tables_chunk_0266,Bel ağrısı rehabilitasyonunda kendi kendine yönlendirilen egzersiz eğitimi hangi rehabilitasyon alanı altında yer almaktadır?,In which rehabilitation domain is self-directed exercise training included in the rehabilitation of low back pain?,In which rehabilitation domain is self-directed exercise training included in the rehabilitation of low back pain? exercise training training program rehabilitation rehabilitation program exercise exercise program low back lumbar
NEW-004,Low Back Pain,BM25-only,02_WHO_PIR_Module2_Musculoskeletal_chunk_0029,1,22,22,0.0,0.0,0.0,0.0,0.0,0.0455,0.0,0.0,74.4,True,02_WHO_PIR_Module2_Musculoskeletal_chunk_0009; WHO guideline for non-surgical_chunk_0020; 02_WHO_PIR_Module2_Musculoskeletal_chunk_0010; WHO guideline for non-surgical_chunk_0058; 02_WHO_PIR_Module2_Musculoskeletal_chunk_0018; 01_WHO_PIR_Module1_Introduction_chunk_0018; 09_WHO_PIR_Annex_Module2_Evidence_Tables_chunk_0041; 09_WHO_PIR_Annex_Module2_Evidence_Tables_chunk_0029; 09_WHO_PIR_Annex_Module2_Evidence_Tables_chunk_0032; 02_WHO_PIR_Module2_Musculoskeletal_chunk_0017,Kronik bel ağrısına bağlı ikincil durumların önlenmesi ve tedavisinde mental sağlık için hangi temel değerlendirme önerilmektedir?,What is the recommended fundamental assessment for mental health in the prevention and treatment of secondary conditions caused by chronic low back pain? condition,What is the recommended fundamental assessment for mental health in the prevention and treatment of secondary conditions caused by chronic low back pain? condition assessment evaluation examination chronic condition clinical condition low back lumbar
NEW-004,Low Back Pain,Dense-only,02_WHO_PIR_Module2_Musculoskeletal_chunk_0029,1,1,1,1.0,1.0,1.0,1.0,1.0,1.0,1.0,1.0,2185.9,True,02_WHO_PIR_Module2_Musculoskeletal_chunk_0029; 02_WHO_PIR_Module2_Musculoskeletal_chunk_0017; 02_WHO_PIR_Module2_Musculoskeletal_chunk_0018; 09_WHO_PIR_Annex_Module2_Evidence_Tables_chunk_0037; 09_WHO_PIR_Annex_Module2_Evidence_Tables_chunk_0032; WHO guideline for non-surgical_chunk_0020; 04_WHO_PIR_Module4_Cardiopulmonary_chunk_0069; 02_WHO_PIR_Module2_Musculoskeletal_chunk_0010; WHO guideline for non-surgical_chunk_0480; WHO guideline for non-surgical_chunk_0115,Kronik bel ağrısına bağlı ikincil durumların önlenmesi ve tedavisinde mental sağlık için hangi temel değerlendirme önerilmektedir?,What is the recommended fundamental assessment for mental health in the prevention and treatment of secondary conditions caused by chronic low back pain? condition,What is the recommended fundamental assessment for mental health in the prevention and treatment of secondary conditions caused by chronic low back pain? condition assessment evaluation examination chronic condition clinical condition low back lumbar
NEW-004,Low Back Pain,Dense+BM25 RRF,02_WHO_PIR_Module2_Musculoskeletal_chunk_0029,1,7,7,0.0,0.0,0.0,0.0,1.0,0.1429,0.0,0.3333,0.2,True,02_WHO_PIR_Module2_Musculoskeletal_chunk_0018; WHO guideline for non-surgical_chunk_0020; 02_WHO_PIR_Module2_Musculoskeletal_chunk_0017; 02_WHO_PIR_Module2_Musculoskeletal_chunk_0010; 09_WHO_PIR_Annex_Module2_Evidence_Tables_chunk_0032; WHO guideline for non-surgical_chunk_0058; 02_WHO_PIR_Module2_Musculoskeletal_chunk_0029; 09_WHO_PIR_Annex_Module2_Evidence_Tables_chunk_0037; WHO guideline for non-surgical_chunk_0480; 02_WHO_PIR_Module2_Musculoskeletal_chunk_0016,Kronik bel ağrısına bağlı ikincil durumların önlenmesi ve tedavisinde mental sağlık için hangi temel değerlendirme önerilmektedir?,What is the recommended fundamental assessment for mental health in the prevention and treatment of secondary conditions caused by chronic low back pain? condition,What is the recommended fundamental assessment for mental health in the prevention and treatment of secondary conditions caused by chronic low back pain? condition assessment evaluation examination chronic condition clinical condition low back lumbar
NEW-004,Low Back Pain,RRF+Reranker,02_WHO_PIR_Module2_Musculoskeletal_chunk_0029,1,1,1,1.0,1.0,1.0,1.0,1.0,1.0,1.0,1.0,3957.1,True,02_WHO_PIR_Module2_Musculoskeletal_chunk_0029; 02_WHO_PIR_Module2_Musculoskeletal_chunk_0017; WHO guideline for non-surgical_chunk_0058; 02_WHO_PIR_Module2_Musculoskeletal_chunk_0018; 02_WHO_PIR_Module2_Musculoskeletal_chunk_0009; WHO guideline for non-surgical_chunk_0115; 09_WHO_PIR_Annex_Module2_Evidence_Tables_chunk_0032; 09_WHO_PIR_Annex_Module2_Evidence_Tables_chunk_0037; WHO guideline for non-surgical_chunk_0020; 09_WHO_PIR_Annex_Module2_Evidence_Tables_chunk_0041,Kronik bel ağrısına bağlı ikincil durumların önlenmesi ve tedavisinde mental sağlık için hangi temel değerlendirme önerilmektedir?,What is the recommended fundamental assessment for mental health in the prevention and treatment of secondary conditions caused by chronic low back pain? condition,What is the recommended fundamental assessment for mental health in the prevention and treatment of secondary conditions caused by chronic low back pain? condition assessment evaluation examination chronic condition clinical condition low back lumbar
NEW-005,Osteoarthritis,BM25-only,02_WHO_PIR_Module2_Musculoskeletal_chunk_0038,1,29,29,0.0,0.0,0.0,0.0,0.0,0.0345,0.0,0.0,71.1,True,physical-therapy-management-of-children-with-developmental_chunk_0071; rehabilitation-after-traumatic-injury-pdf-66143770162117_chunk_0054; rehabilitation-after-traumatic-injury-pdf-66143770162117_chunk_0030; stroke-rehabilitation-in-adults-pdf-66143899492549_chunk_0017; physical-therapy-management-of-children-with-developmental_chunk_0130; rehabilitation-after-traumatic-injury-pdf-66143770162117_chunk_0012; rehabilitation-after-traumatic-injury-pdf-66143770162117_chunk_0007; VADOD-2024-Stroke-Rehab-CPG-Full-CPG_final_508_chunk_0371; 01_WHO_PIR_Module1_Introduction_chunk_0012; rehabilitation-after-traumatic-injury-pdf-66143770162117_chunk_0029,WHO'nun osteoartrit rehabilitasyon paketinin hedef popülasyonu nasıl tanımlanmaktadır?,What is the defined target population for the WHO osteoarthritis rehabilitation package? rehabilitation goal goal,What is the defined target population for the WHO osteoarthritis rehabilitation package? rehabilitation goal goal rehabilitation goal rehabilitation goals rehabilitation rehabilitation program goal goals treatment goals
NEW-005,Osteoarthritis,Dense-only,02_WHO_PIR_Module2_Musculoskeletal_chunk_0038,1,1,1,1.0,1.0,1.0,1.0,1.0,1.0,1.0,1.0,2263.8,True,02_WHO_PIR_Module2_Musculoskeletal_chunk_0038; 02_WHO_PIR_Module2_Musculoskeletal_chunk_0072; 02_WHO_PIR_Module2_Musculoskeletal_chunk_0067; 01_WHO_PIR_Module1_Introduction_chunk_0009; 02_WHO_PIR_Module2_Musculoskeletal_chunk_0070; 02_WHO_PIR_Module2_Musculoskeletal_chunk_0134; 02_WHO_PIR_Module2_Musculoskeletal_chunk_0177; 09_WHO_PIR_Annex_Module2_Evidence_Tables_chunk_0055; 02_WHO_PIR_Module2_Musculoskeletal_chunk_0109; 09_WHO_PIR_Annex_Module2_Evidence_Tables_chunk_0052,WHO'nun osteoartrit rehabilitasyon paketinin hedef popülasyonu nasıl tanımlanmaktadır?,What is the defined target population for the WHO osteoarthritis rehabilitation package? rehabilitation goal goal,What is the defined target population for the WHO osteoarthritis rehabilitation package? rehabilitation goal goal rehabilitation goal rehabilitation goals rehabilitation rehabilitation program goal goals treatment goals
NEW-005,Osteoarthritis,Dense+BM25 RRF,02_WHO_PIR_Module2_Musculoskeletal_chunk_0038,1,2,2,0.0,0.0,1.0,1.0,1.0,0.5,0.6309,0.6309,0.2,True,01_WHO_PIR_Module1_Introduction_chunk_0009; 02_WHO_PIR_Module2_Musculoskeletal_chunk_0038; 02_WHO_PIR_Module2_Musculoskeletal_chunk_0072; 02_WHO_PIR_Module2_Musculoskeletal_chunk_0067; 02_WHO_PIR_Module2_Musculoskeletal_chunk_0070; 02_WHO_PIR_Module2_Musculoskeletal_chunk_0134; 02_WHO_PIR_Module2_Musculoskeletal_chunk_0177; 09_WHO_PIR_Annex_Module2_Evidence_Tables_chunk_0055; 02_WHO_PIR_Module2_Musculoskeletal_chunk_0109; 09_WHO_PIR_Annex_Module2_Evidence_Tables_chunk_0052,WHO'nun osteoartrit rehabilitasyon paketinin hedef popülasyonu nasıl tanımlanmaktadır?,What is the defined target population for the WHO osteoarthritis rehabilitation package? rehabilitation goal goal,What is the defined target population for the WHO osteoarthritis rehabilitation package? rehabilitation goal goal rehabilitation goal rehabilitation goals rehabilitation rehabilitation program goal goals treatment goals
NEW-005,Osteoarthritis,RRF+Reranker,02_WHO_PIR_Module2_Musculoskeletal_chunk_0038,1,2,2,0.0,0.0,1.0,1.0,1.0,0.5,0.6309,0.6309,4269.8,True,01_WHO_PIR_Module1_Introduction_chunk_0009; 02_WHO_PIR_Module2_Musculoskeletal_chunk_0038; 02_WHO_PIR_Module2_Musculoskeletal_chunk_0037; 02_WHO_PIR_Module2_Musculoskeletal_chunk_0072; 02_WHO_PIR_Module2_Musculoskeletal_chunk_0134; 01_WHO_PIR_Module1_Introduction_chunk_0005; 02_WHO_PIR_Module2_Musculoskeletal_chunk_0010; 01_WHO_PIR_Module1_Introduction_chunk_0012; VADOD-2024-Stroke-Rehab-CPG-Full-CPG_final_508_chunk_0371; 02_WHO_PIR_Module2_Musculoskeletal_chunk_0177,WHO'nun osteoartrit rehabilitasyon paketinin hedef popülasyonu nasıl tanımlanmaktadır?,What is the defined target population for the WHO osteoarthritis rehabilitation package? rehabilitation goal goal,What is the defined target population for the WHO osteoarthritis rehabilitation package? rehabilitation goal goal rehabilitation goal rehabilitation goals rehabilitation rehabilitation program goal goals treatment goals
NEW-006,Stroke Rehabilitation,BM25-only,03_WHO_PIR_Module3_Neurological_chunk_0011,1,4,4,0.0,0.0,0.0,1.0,1.0,0.25,0.4307,0.4307,66.5,True,VADOD-2024-Stroke-Rehab-CPG-Full-CPG_final_508_chunk_0004; VADOD-2024-Stroke-Rehab-CPG-Full-CPG_final_508_chunk_0011; VADOD-2024-Stroke-Rehab-CPG-Full-CPG_final_508_chunk_0290; 03_WHO_PIR_Module3_Neurological_chunk_0011; 10_WHO_PIR_Annex_Module3_Evidence_Tables_chunk_0066; VADOD-2024-Stroke-Rehab-CPG-Full-CPG_final_508_chunk_0017; VADOD-2024-Stroke-Rehab-CPG-Full-CPG_final_508_chunk_0148; VADOD-2024-Stroke-Rehab-CPG-Full-CPG_final_508_chunk_0288; VADOD-2024-Stroke-Rehab-CPG-Full-CPG_final_508_chunk_0257; VADOD-2024-Stroke-Rehab-CPG-Full-CPG_final_508_chunk_0535,WHO'nun inme rehabilitasyon paketinde hedeflenen yetişkin hasta grubunda hangi üç inme tipi açıkça sayılmaktadır?,Which three types of stroke are explicitly mentioned in the WHO stroke rehabilitation package for the adult patient group?,Which three types of stroke are explicitly mentioned in the WHO stroke rehabilitation package for the adult patient group? rehabilitation rehabilitation program stroke
NEW-006,Stroke Rehabilitation,Dense-only,03_WHO_PIR_Module3_Neurological_chunk_0011,1,1,1,1.0,1.0,1.0,1.0,1.0,1.0,1.0,1.0,1885.6,True,03_WHO_PIR_Module3_Neurological_chunk_0011; 03_WHO_PIR_Module3_Neurological_chunk_0009; 10_WHO_PIR_Annex_Module3_Evidence_Tables_chunk_0005; VADOD-2024-Stroke-Rehab-CPG-Full-CPG_final_508_chunk_0270; 03_WHO_PIR_Module3_Neurological_chunk_0087; stroke-rehabilitation-in-adults-pdf-66143899492549_chunk_0102; stroke-rehabilitation-in-adults-pdf-66143899492549_chunk_0007; VADOD-2024-Stroke-Rehab-CPG-Full-CPG_final_508_chunk_0469; VADOD-2024-Stroke-Rehab-CPG-Full-CPG_final_508_chunk_0347; VADOD-2024-Stroke-Rehab-CPG-Full-CPG_final_508_chunk_0446,WHO'nun inme rehabilitasyon paketinde hedeflenen yetişkin hasta grubunda hangi üç inme tipi açıkça sayılmaktadır?,Which three types of stroke are explicitly mentioned in the WHO stroke rehabilitation package for the adult patient group?,Which three types of stroke are explicitly mentioned in the WHO stroke rehabilitation package for the adult patient group? rehabilitation rehabilitation program stroke
NEW-006,Stroke Rehabilitation,Dense+BM25 RRF,03_WHO_PIR_Module3_Neurological_chunk_0011,1,1,1,1.0,1.0,1.0,1.0,1.0,1.0,1.0,1.0,0.1,True,03_WHO_PIR_Module3_Neurological_chunk_0011; 03_WHO_PIR_Module3_Neurological_chunk_0009; 03_WHO_PIR_Module3_Neurological_chunk_0087; 10_WHO_PIR_Annex_Module3_Evidence_Tables_chunk_0005; stroke-rehabilitation-in-adults-pdf-66143899492549_chunk_0007; 10_WHO_PIR_Annex_Module3_Evidence_Tables_chunk_0086; 10_WHO_PIR_Annex_Module3_Evidence_Tables_chunk_0024; VADOD-2024-Stroke-Rehab-CPG-Full-CPG_final_508_chunk_0017; stroke-rehabilitation-in-adults-pdf-66143899492549_chunk_0010; stroke-rehabilitation-in-adults-pdf-66143899492549_chunk_0049,WHO'nun inme rehabilitasyon paketinde hedeflenen yetişkin hasta grubunda hangi üç inme tipi açıkça sayılmaktadır?,Which three types of stroke are explicitly mentioned in the WHO stroke rehabilitation package for the adult patient group?,Which three types of stroke are explicitly mentioned in the WHO stroke rehabilitation package for the adult patient group? rehabilitation rehabilitation program stroke
NEW-006,Stroke Rehabilitation,RRF+Reranker,03_WHO_PIR_Module3_Neurological_chunk_0011,1,1,1,1.0,1.0,1.0,1.0,1.0,1.0,1.0,1.0,3829.1,True,03_WHO_PIR_Module3_Neurological_chunk_0011; 03_WHO_PIR_Module3_Neurological_chunk_0009; 10_WHO_PIR_Annex_Module3_Evidence_Tables_chunk_0005; 10_WHO_PIR_Annex_Module3_Evidence_Tables_chunk_0086; VADOD-2024-Stroke-Rehab-CPG-Full-CPG_final_508_chunk_0352; 10_WHO_PIR_Annex_Module3_Evidence_Tables_chunk_0017; stroke-rehabilitation-in-adults-pdf-66143899492549_chunk_0099; stroke-rehabilitation-in-adults-pdf-66143899492549_chunk_0007; 10_WHO_PIR_Annex_Module3_Evidence_Tables_chunk_0024; VADOD-2024-Stroke-Rehab-CPG-Full-CPG_final_508_chunk_0017,WHO'nun inme rehabilitasyon paketinde hedeflenen yetişkin hasta grubunda hangi üç inme tipi açıkça sayılmaktadır?,Which three types of stroke are explicitly mentioned in the WHO stroke rehabilitation package for the adult patient group?,Which three types of stroke are explicitly mentioned in the WHO stroke rehabilitation package for the adult patient group? rehabilitation rehabilitation program stroke
NEW-007,Stroke Rehabilitation,BM25-only,03_WHO_PIR_Module3_Neurological_chunk_0013,1,,,0.0,0.0,0.0,0.0,0.0,0.0,0.0,0.0,59.7,False,10_WHO_PIR_Annex_Module3_Evidence_Tables_chunk_0043; 01_WHO_PIR_Module1_Introduction_chunk_0018; VADOD-2024-Stroke-Rehab-CPG-Full-CPG_final_508_chunk_0295; physical-therapy-management-of-children-with-developmental_chunk_0034; VADOD-2024-Stroke-Rehab-CPG-Full-CPG_final_508_chunk_0352; 10_WHO_PIR_Annex_Module3_Evidence_Tables_chunk_0031; 10_WHO_PIR_Annex_Module3_Evidence_Tables_chunk_0073; 10_WHO_PIR_Annex_Module3_Evidence_Tables_chunk_0066; 10_WHO_PIR_Annex_Module3_Evidence_Tables_chunk_0048; 10_WHO_PIR_Annex_Module3_Evidence_Tables_chunk_0034,İnme sonrası bilişsel işlevler için değerlendirme ve müdahale olarak hangi uygulamalar listelenmektedir?,What are the interventions listed for the assessment and management of cognitive functions following a stroke? intervention,What are the interventions listed for the assessment and management of cognitive functions following a stroke? intervention assessment evaluation examination intervention therapeutic intervention stroke
NEW-007,Stroke Rehabilitation,Dense-only,03_WHO_PIR_Module3_Neurological_chunk_0013,1,,,0.0,0.0,0.0,0.0,0.0,0.0,0.0,0.0,2000.0,False,10_WHO_PIR_Annex_Module3_Evidence_Tables_chunk_0031; 03_WHO_PIR_Module3_Neurological_chunk_0012; stroke-rehabilitation-in-adults-pdf-66143899492549_chunk_0024; stroke-rehabilitation-in-adults-pdf-66143899492549_chunk_0025; VADOD-2024-Stroke-Rehab-CPG-Full-CPG_final_508_chunk_0459; 10_WHO_PIR_Annex_Module3_Evidence_Tables_chunk_0032; VADOD-2024-Stroke-Rehab-CPG-Full-CPG_final_508_chunk_0442; 05_WHO_PIR_Module5_Neurodevelopmental_chunk_0014; 03_WHO_PIR_Module3_Neurological_chunk_0436; 05_WHO_PIR_Module5_Neurodevelopmental_chunk_0072,İnme sonrası bilişsel işlevler için değerlendirme ve müdahale olarak hangi uygulamalar listelenmektedir?,What are the interventions listed for the assessment and management of cognitive functions following a stroke? intervention,What are the interventions listed for the assessment and management of cognitive functions following a stroke? intervention assessment evaluation examination intervention therapeutic intervention stroke
NEW-007,Stroke Rehabilitation,Dense+BM25 RRF,03_WHO_PIR_Module3_Neurological_chunk_0013,1,,,0.0,0.0,0.0,0.0,0.0,0.0,0.0,0.0,0.2,False,10_WHO_PIR_Annex_Module3_Evidence_Tables_chunk_0031; stroke-rehabilitation-in-adults-pdf-66143899492549_chunk_0024; stroke-rehabilitation-in-adults-pdf-66143899492549_chunk_0025; 10_WHO_PIR_Annex_Module3_Evidence_Tables_chunk_0032; 05_WHO_PIR_Module5_Neurodevelopmental_chunk_0088; 10_WHO_PIR_Annex_Module3_Evidence_Tables_chunk_0424; 05_WHO_PIR_Module5_Neurodevelopmental_chunk_0030; VADOD-2024-Stroke-Rehab-CPG-Full-CPG_final_508_chunk_0348; VADOD-2024-Stroke-Rehab-CPG-Full-CPG_final_508_chunk_0346; VADOD-2024-Stroke-Rehab-CPG-Full-CPG_final_508_chunk_0458,İnme sonrası bilişsel işlevler için değerlendirme ve müdahale olarak hangi uygulamalar listelenmektedir?,What are the interventions listed for the assessment and management of cognitive functions following a stroke? intervention,What are the interventions listed for the assessment and management of cognitive functions following a stroke? intervention assessment evaluation examination intervention therapeutic intervention stroke
NEW-007,Stroke Rehabilitation,RRF+Reranker,03_WHO_PIR_Module3_Neurological_chunk_0013,1,,,0.0,0.0,0.0,0.0,0.0,0.0,0.0,0.0,4637.7,False,10_WHO_PIR_Annex_Module3_Evidence_Tables_chunk_0031; 10_WHO_PIR_Annex_Module3_Evidence_Tables_chunk_0032; stroke-rehabilitation-in-adults-pdf-66143899492549_chunk_0025; stroke-rehabilitation-in-adults-pdf-66143899492549_chunk_0024; VADOD-2024-Stroke-Rehab-CPG-Full-CPG_final_508_chunk_0352; 03_WHO_PIR_Module3_Neurological_chunk_0012; 10_WHO_PIR_Annex_Module3_Evidence_Tables_chunk_0073; VADOD-2024-Stroke-Rehab-CPG-Full-CPG_final_508_chunk_0295; VADOD-2024-Stroke-Rehab-CPG-Full-CPG_final_508_chunk_0458; 10_WHO_PIR_Annex_Module3_Evidence_Tables_chunk_0424,İnme sonrası bilişsel işlevler için değerlendirme ve müdahale olarak hangi uygulamalar listelenmektedir?,What are the interventions listed for the assessment and management of cognitive functions following a stroke? intervention,What are the interventions listed for the assessment and management of cognitive functions following a stroke? intervention assessment evaluation examination intervention therapeutic intervention stroke
NEW-008,Stroke Rehabilitation,BM25-only,03_WHO_PIR_Module3_Neurological_chunk_0014,1,,,0.0,0.0,0.0,0.0,0.0,0.0,0.0,0.0,65.2,False,10_WHO_PIR_Annex_Module3_Evidence_Tables_chunk_0036; VADOD-2024-Stroke-Rehab-CPG-Full-CPG_final_508_chunk_0373; 10_WHO_PIR_Annex_Module3_Evidence_Tables_chunk_0035; 06_WHO_PIR_Module6_Sensory_chunk_0042; VADOD-2024-Stroke-Rehab-CPG-Full-CPG_final_508_chunk_0260; 06_WHO_PIR_Module6_Sensory_chunk_0044; stroke-rehabilitation-in-adults-pdf-66143899492549_chunk_0033; VADOD-2024-Stroke-Rehab-CPG-Full-CPG_final_508_chunk_0052; 10_WHO_PIR_Annex_Module3_Evidence_Tables_chunk_0037; stroke-rehabilitation-in-adults-pdf-66143899492549_chunk_0055,"İnme sonrası konuşma, dil ve iletişim alanında dil ve konuşmaya yönelik hangi iki terapi türü listelenmektedir?","What are the two therapeutic interventions listed for speech and language disorders in the areas of speech, language, and communication following a stroke? therapy","What are the two therapeutic interventions listed for speech and language disorders in the areas of speech, language, and communication following a stroke? therapy therapy therapeutic intervention stroke"
NEW-008,Stroke Rehabilitation,Dense-only,03_WHO_PIR_Module3_Neurological_chunk_0014,1,,,0.0,0.0,0.0,0.0,0.0,0.0,0.0,0.0,1974.9,False,10_WHO_PIR_Annex_Module3_Evidence_Tables_chunk_0036; 10_WHO_PIR_Annex_Module3_Evidence_Tables_chunk_0035; 10_WHO_PIR_Annex_Module3_Evidence_Tables_chunk_0037; stroke-rehabilitation-in-adults-pdf-66143899492549_chunk_0034; stroke-rehabilitation-in-adults-pdf-66143899492549_chunk_0033; VADOD-2024-Stroke-Rehab-CPG-Full-CPG_final_508_chunk_0346; VADOD-2024-Stroke-Rehab-CPG-Full-CPG_final_508_chunk_0442; VADOD-2024-Stroke-Rehab-CPG-Full-CPG_final_508_chunk_0374; VADOD-2024-Stroke-Rehab-CPG-Full-CPG_final_508_chunk_0311; VADOD-2024-Stroke-Rehab-CPG-Full-CPG_final_508_chunk_0444,"İnme sonrası konuşma, dil ve iletişim alanında dil ve konuşmaya yönelik hangi iki terapi türü listelenmektedir?","What are the two therapeutic interventions listed for speech and language disorders in the areas of speech, language, and communication following a stroke? therapy","What are the two therapeutic interventions listed for speech and language disorders in the areas of speech, language, and communication following a stroke? therapy therapy therapeutic intervention stroke"
NEW-008,Stroke Rehabilitation,Dense+BM25 RRF,03_WHO_PIR_Module3_Neurological_chunk_0014,1,,,0.0,0.0,0.0,0.0,0.0,0.0,0.0,0.0,0.2,False,10_WHO_PIR_Annex_Module3_Evidence_Tables_chunk_0036; 10_WHO_PIR_Annex_Module3_Evidence_Tables_chunk_0035; 10_WHO_PIR_Annex_Module3_Evidence_Tables_chunk_0037; stroke-rehabilitation-in-adults-pdf-66143899492549_chunk_0033; VADOD-2024-Stroke-Rehab-CPG-Full-CPG_final_508_chunk_0373; VADOD-2024-Stroke-Rehab-CPG-Full-CPG_final_508_chunk_0374; VADOD-2024-Stroke-Rehab-CPG-Full-CPG_final_508_chunk_0348; stroke-rehabilitation-in-adults-pdf-66143899492549_chunk_0055; VADOD-2024-Stroke-Rehab-CPG-Full-CPG_final_508_chunk_0346; VADOD-2024-Stroke-Rehab-CPG-Full-CPG_final_508_chunk_0352,"İnme sonrası konuşma, dil ve iletişim alanında dil ve konuşmaya yönelik hangi iki terapi türü listelenmektedir?","What are the two therapeutic interventions listed for speech and language disorders in the areas of speech, language, and communication following a stroke? therapy","What are the two therapeutic interventions listed for speech and language disorders in the areas of speech, language, and communication following a stroke? therapy therapy therapeutic intervention stroke"
NEW-008,Stroke Rehabilitation,RRF+Reranker,03_WHO_PIR_Module3_Neurological_chunk_0014,1,,,0.0,0.0,0.0,0.0,0.0,0.0,0.0,0.0,4770.3,False,10_WHO_PIR_Annex_Module3_Evidence_Tables_chunk_0037; VADOD-2024-Stroke-Rehab-CPG-Full-CPG_final_508_chunk_0215; 10_WHO_PIR_Annex_Module3_Evidence_Tables_chunk_0035; VADOD-2024-Stroke-Rehab-CPG-Full-CPG_final_508_chunk_0374; stroke-rehabilitation-in-adults-pdf-66143899492549_chunk_0034; stroke-rehabilitation-in-adults-pdf-66143899492549_chunk_0033; VADOD-2024-Stroke-Rehab-CPG-Full-CPG_final_508_chunk_0346; VADOD-2024-Stroke-Rehab-CPG-Full-CPG_final_508_chunk_0312; 10_WHO_PIR_Annex_Module3_Evidence_Tables_chunk_0036; VADOD-2024-Stroke-Rehab-CPG-Full-CPG_final_508_chunk_0373,"İnme sonrası konuşma, dil ve iletişim alanında dil ve konuşmaya yönelik hangi iki terapi türü listelenmektedir?","What are the two therapeutic interventions listed for speech and language disorders in the areas of speech, language, and communication following a stroke? therapy","What are the two therapeutic interventions listed for speech and language disorders in the areas of speech, language, and communication following a stroke? therapy therapy therapeutic intervention stroke"
NEW-009,Stroke Rehabilitation,BM25-only,03_WHO_PIR_Module3_Neurological_chunk_0015,1,,,0.0,0.0,0.0,0.0,0.0,0.0,0.0,0.0,63.5,False,VADOD-2024-Stroke-Rehab-CPG-Full-CPG_final_508_chunk_0297; VADOD-2024-Stroke-Rehab-CPG-Full-CPG_final_508_chunk_0373; VADOD-2024-Stroke-Rehab-CPG-Full-CPG_final_508_chunk_0291; 10_WHO_PIR_Annex_Module3_Evidence_Tables_chunk_0367; VADOD-2024-Stroke-Rehab-CPG-Full-CPG_final_508_chunk_0200; VADOD-2024-Stroke-Rehab-CPG-Full-CPG_final_508_chunk_0056; VADOD-2024-Stroke-Rehab-CPG-Full-CPG_final_508_chunk_0055; 10_WHO_PIR_Annex_Module3_Evidence_Tables_chunk_0039; 10_WHO_PIR_Annex_Module3_Evidence_Tables_chunk_0038; VADOD-2024-Stroke-Rehab-CPG-Full-CPG_final_508_chunk_0072,İnme sonrası disfaji yönetiminde temel olarak hangi değerlendirme ve terapi birlikte listelenmektedir?,What are the primary assessments and therapies commonly listed in the management of dysphagia following a stroke? assessment therapy,What are the primary assessments and therapies commonly listed in the management of dysphagia following a stroke? assessment therapy assessment evaluation examination therapy therapeutic intervention stroke
NEW-009,Stroke Rehabilitation,Dense-only,03_WHO_PIR_Module3_Neurological_chunk_0015,1,6,6,0.0,0.0,0.0,0.0,1.0,0.1667,0.0,0.3562,1731.9,True,10_WHO_PIR_Annex_Module3_Evidence_Tables_chunk_0039; 03_WHO_PIR_Module3_Neurological_chunk_0095; 03_WHO_PIR_Module3_Neurological_chunk_0162; 03_WHO_PIR_Module3_Neurological_chunk_0254; 03_WHO_PIR_Module3_Neurological_chunk_0423; 03_WHO_PIR_Module3_Neurological_chunk_0015; VADOD-2024-Stroke-Rehab-CPG-Full-CPG_final_508_chunk_0422; 03_WHO_PIR_Module3_Neurological_chunk_0199; 03_WHO_PIR_Module3_Neurological_chunk_0344; 03_WHO_PIR_Module3_Neurological_chunk_0446,İnme sonrası disfaji yönetiminde temel olarak hangi değerlendirme ve terapi birlikte listelenmektedir?,What are the primary assessments and therapies commonly listed in the management of dysphagia following a stroke? assessment therapy,What are the primary assessments and therapies commonly listed in the management of dysphagia following a stroke? assessment therapy assessment evaluation examination therapy therapeutic intervention stroke
NEW-009,Stroke Rehabilitation,Dense+BM25 RRF,03_WHO_PIR_Module3_Neurological_chunk_0015,1,9,9,0.0,0.0,0.0,0.0,1.0,0.1111,0.0,0.301,0.1,True,10_WHO_PIR_Annex_Module3_Evidence_Tables_chunk_0039; 10_WHO_PIR_Annex_Module3_Evidence_Tables_chunk_0038; stroke-rehabilitation-in-adults-pdf-66143899492549_chunk_0032; VADOD-2024-Stroke-Rehab-CPG-Full-CPG_final_508_chunk_0349; 03_WHO_PIR_Module3_Neurological_chunk_0095; 03_WHO_PIR_Module3_Neurological_chunk_0162; 03_WHO_PIR_Module3_Neurological_chunk_0254; 03_WHO_PIR_Module3_Neurological_chunk_0423; 03_WHO_PIR_Module3_Neurological_chunk_0015; VADOD-2024-Stroke-Rehab-CPG-Full-CPG_final_508_chunk_0422,İnme sonrası disfaji yönetiminde temel olarak hangi değerlendirme ve terapi birlikte listelenmektedir?,What are the primary assessments and therapies commonly listed in the management of dysphagia following a stroke? assessment therapy,What are the primary assessments and therapies commonly listed in the management of dysphagia following a stroke? assessment therapy assessment evaluation examination therapy therapeutic intervention stroke
NEW-009,Stroke Rehabilitation,RRF+Reranker,03_WHO_PIR_Module3_Neurological_chunk_0015,1,,,0.0,0.0,0.0,0.0,0.0,0.0,0.0,0.0,4520.2,False,10_WHO_PIR_Annex_Module3_Evidence_Tables_chunk_0039; stroke-rehabilitation-in-adults-pdf-66143899492549_chunk_0032; stroke-rehabilitation-in-adults-pdf-66143899492549_chunk_0031; 10_WHO_PIR_Annex_Module3_Evidence_Tables_chunk_0038; VADOD-2024-Stroke-Rehab-CPG-Full-CPG_final_508_chunk_0200; VADOD-2024-Stroke-Rehab-CPG-Full-CPG_final_508_chunk_0422; VADOD-2024-Stroke-Rehab-CPG-Full-CPG_final_508_chunk_0063; 03_WHO_PIR_Module3_Neurological_chunk_0162; 03_WHO_PIR_Module3_Neurological_chunk_0371; 03_WHO_PIR_Module3_Neurological_chunk_0095,İnme sonrası disfaji yönetiminde temel olarak hangi değerlendirme ve terapi birlikte listelenmektedir?,What are the primary assessments and therapies commonly listed in the management of dysphagia following a stroke? assessment therapy,What are the primary assessments and therapies commonly listed in the management of dysphagia following a stroke? assessment therapy assessment evaluation examination therapy therapeutic intervention stroke
NEW-010,Stroke Rehabilitation,BM25-only,03_WHO_PIR_Module3_Neurological_chunk_0021,1,,,0.0,0.0,0.0,0.0,0.0,0.0,0.0,0.0,99.0,False,03_WHO_PIR_Module3_Neurological_chunk_0059; 10_WHO_PIR_Annex_Module3_Evidence_Tables_chunk_0506; 03_WHO_PIR_Module3_Neurological_chunk_0060; Physical Therapist Management of Parkinson Disease_chunk_0067; 10_WHO_PIR_Annex_Module3_Evidence_Tables_chunk_0380; 07_WHO_PIR_Module7_Malignant_Neoplasm_chunk_0043; VADOD-2024-Stroke-Rehab-CPG-Full-CPG_final_508_chunk_0101; 10_WHO_PIR_Annex_Module3_Evidence_Tables_chunk_0219; Physical Therapist Management of Parkinson Disease_chunk_0068; 07_WHO_PIR_Module7_Malignant_Neoplasm_chunk_0044,İnme sonrası motor fonksiyon ve mobilite paketinde denge ve yürüme için hangi eğitimler önerilen müdahaleler arasında yer almaktadır?,What interventions are recommended for balance and walking in the context of motor function and mobility rehabilitation following a stroke? gait training balance training,What interventions are recommended for balance and walking in the context of motor function and mobility rehabilitation following a stroke? gait training balance training gait training walking training balance training balance exercise function functional ability physical function mobility functional mobility gait walking balance postural balance stroke
NEW-010,Stroke Rehabilitation,Dense-only,03_WHO_PIR_Module3_Neurological_chunk_0021,1,,,0.0,0.0,0.0,0.0,0.0,0.0,0.0,0.0,2015.0,False,VADOD-2024-Stroke-Rehab-CPG-Full-CPG_final_508_chunk_0389; VADOD-2024-Stroke-Rehab-CPG-Full-CPG_final_508_chunk_0390; 03_WHO_PIR_Module3_Neurological_chunk_0060; 09_WHO_PIR_Annex_Module2_Evidence_Tables_chunk_0300; 10_WHO_PIR_Annex_Module3_Evidence_Tables_chunk_0056; 10_WHO_PIR_Annex_Module3_Evidence_Tables_chunk_0221; VADOD-2024-Stroke-Rehab-CPG-Full-CPG_final_508_chunk_0581; VADOD-2024-Stroke-Rehab-CPG-Full-CPG_final_508_chunk_0060; VADOD-2024-Stroke-Rehab-CPG-Full-CPG_final_508_chunk_0418; VADOD-2024-Stroke-Rehab-CPG-Full-CPG_final_508_chunk_0579,İnme sonrası motor fonksiyon ve mobilite paketinde denge ve yürüme için hangi eğitimler önerilen müdahaleler arasında yer almaktadır?,What interventions are recommended for balance and walking in the context of motor function and mobility rehabilitation following a stroke? gait training balance training,What interventions are recommended for balance and walking in the context of motor function and mobility rehabilitation following a stroke? gait training balance training gait training walking training balance training balance exercise function functional ability physical function mobility functional mobility gait walking balance postural balance stroke
NEW-010,Stroke Rehabilitation,Dense+BM25 RRF,03_WHO_PIR_Module3_Neurological_chunk_0021,1,,,0.0,0.0,0.0,0.0,0.0,0.0,0.0,0.0,0.2,False,03_WHO_PIR_Module3_Neurological_chunk_0060; 03_WHO_PIR_Module3_Neurological_chunk_0059; 03_WHO_PIR_Module3_Neurological_chunk_0297; 10_WHO_PIR_Annex_Module3_Evidence_Tables_chunk_0054; 07_WHO_PIR_Module7_Malignant_Neoplasm_chunk_0044; 10_WHO_PIR_Annex_Module3_Evidence_Tables_chunk_0380; 10_WHO_PIR_Annex_Module3_Evidence_Tables_chunk_0506; Physical Therapist Management of Parkinson Disease_chunk_0067; 03_WHO_PIR_Module3_Neurological_chunk_0427; 10_WHO_PIR_Annex_Module3_Evidence_Tables_chunk_0055,İnme sonrası motor fonksiyon ve mobilite paketinde denge ve yürüme için hangi eğitimler önerilen müdahaleler arasında yer almaktadır?,What interventions are recommended for balance and walking in the context of motor function and mobility rehabilitation following a stroke? gait training balance training,What interventions are recommended for balance and walking in the context of motor function and mobility rehabilitation following a stroke? gait training balance training gait training walking training balance training balance exercise function functional ability physical function mobility functional mobility gait walking balance postural balance stroke
NEW-010,Stroke Rehabilitation,RRF+Reranker,03_WHO_PIR_Module3_Neurological_chunk_0021,1,,,0.0,0.0,0.0,0.0,0.0,0.0,0.0,0.0,4698.5,False,VADOD-2024-Stroke-Rehab-CPG-Full-CPG_final_508_chunk_0101; 10_WHO_PIR_Annex_Module3_Evidence_Tables_chunk_0054; VADOD-2024-Stroke-Rehab-CPG-Full-CPG_final_508_chunk_0418; VADOD-2024-Stroke-Rehab-CPG-Full-CPG_final_508_chunk_0390; VADOD-2024-Stroke-Rehab-CPG-Full-CPG_final_508_chunk_0389; 09_WHO_PIR_Annex_Module2_Evidence_Tables_chunk_0300; VADOD-2024-Stroke-Rehab-CPG-Full-CPG_final_508_chunk_0581; VADOD-2024-Stroke-Rehab-CPG-Full-CPG_final_508_chunk_0060; 10_WHO_PIR_Annex_Module3_Evidence_Tables_chunk_0506; Physical Therapist Management of Parkinson Disease_chunk_0067,İnme sonrası motor fonksiyon ve mobilite paketinde denge ve yürüme için hangi eğitimler önerilen müdahaleler arasında yer almaktadır?,What interventions are recommended for balance and walking in the context of motor function and mobility rehabilitation following a stroke? gait training balance training,What interventions are recommended for balance and walking in the context of motor function and mobility rehabilitation following a stroke? gait training balance training gait training walking training balance training balance exercise function functional ability physical function mobility functional mobility gait walking balance postural balance stroke
NEW-011,Stroke Rehabilitation,BM25-only,03_WHO_PIR_Module3_Neurological_chunk_0022,1,21,21,0.0,0.0,0.0,0.0,0.0,0.0476,0.0,0.0,66.9,True,Physical Therapist Management of Parkinson Disease_chunk_0060; WHO guideline for non-surgical_chunk_0026; 10_WHO_PIR_Annex_Module3_Evidence_Tables_chunk_0226; WHO guideline for non-surgical_chunk_0157; 10_WHO_PIR_Annex_Module3_Evidence_Tables_chunk_0297; 02_WHO_PIR_Module2_Musculoskeletal_chunk_0094; stroke-rehabilitation-in-adults-pdf-66143899492549_chunk_0036; 02_WHO_PIR_Module2_Musculoskeletal_chunk_0022; 02_WHO_PIR_Module2_Musculoskeletal_chunk_0056; 02_WHO_PIR_Module2_Musculoskeletal_chunk_0092,İnme rehabilitasyonunda egzersiz ve fitness alanında hangi iki temel müdahale/evaluasyon çifti bulunmaktadır?,What are the two main intervention/evaluation pairs in exercise and fitness in stroke rehabilitation?,What are the two main intervention/evaluation pairs in exercise and fitness in stroke rehabilitation? exercise exercise training exercise program intervention therapeutic intervention stroke
NEW-011,Stroke Rehabilitation,Dense-only,03_WHO_PIR_Module3_Neurological_chunk_0022,1,,,0.0,0.0,0.0,0.0,0.0,0.0,0.0,0.0,1819.9,False,03_WHO_PIR_Module3_Neurological_chunk_0009; 10_WHO_PIR_Annex_Module3_Evidence_Tables_chunk_0005; VADOD-2024-Stroke-Rehab-CPG-Full-CPG_final_508_chunk_0347; VADOD-2024-Stroke-Rehab-CPG-Full-CPG_final_508_chunk_0389; VADOD-2024-Stroke-Rehab-CPG-Full-CPG_final_508_chunk_0454; VADOD-2024-Stroke-Rehab-CPG-Full-CPG_final_508_chunk_0354; VADOD-2024-Stroke-Rehab-CPG-Full-CPG_final_508_chunk_0390; VADOD-2024-Stroke-Rehab-CPG-Full-CPG_final_508_chunk_0351; 09_WHO_PIR_Annex_Module2_Evidence_Tables_chunk_0040; VADOD-2024-Stroke-Rehab-CPG-Full-CPG_final_508_chunk_0469,İnme rehabilitasyonunda egzersiz ve fitness alanında hangi iki temel müdahale/evaluasyon çifti bulunmaktadır?,What are the two main intervention/evaluation pairs in exercise and fitness in stroke rehabilitation?,What are the two main intervention/evaluation pairs in exercise and fitness in stroke rehabilitation? exercise exercise training exercise program intervention therapeutic intervention stroke
NEW-011,Stroke Rehabilitation,Dense+BM25 RRF,03_WHO_PIR_Module3_Neurological_chunk_0022,1,,,0.0,0.0,0.0,0.0,0.0,0.0,0.0,0.0,0.1,False,10_WHO_PIR_Annex_Module3_Evidence_Tables_chunk_0226; 10_WHO_PIR_Annex_Module3_Evidence_Tables_chunk_0297; 02_WHO_PIR_Module2_Musculoskeletal_chunk_0025; 04_WHO_PIR_Module4_Cardiopulmonary_chunk_0060; 07_WHO_PIR_Module7_Malignant_Neoplasm_chunk_0048; 02_WHO_PIR_Module2_Musculoskeletal_chunk_0207; 05_WHO_PIR_Module5_Neurodevelopmental_chunk_0102; 03_WHO_PIR_Module3_Neurological_chunk_0009; 10_WHO_PIR_Annex_Module3_Evidence_Tables_chunk_0005; VADOD-2024-Stroke-Rehab-CPG-Full-CPG_final_508_chunk_0347,İnme rehabilitasyonunda egzersiz ve fitness alanında hangi iki temel müdahale/evaluasyon çifti bulunmaktadır?,What are the two main intervention/evaluation pairs in exercise and fitness in stroke rehabilitation?,What are the two main intervention/evaluation pairs in exercise and fitness in stroke rehabilitation? exercise exercise training exercise program intervention therapeutic intervention stroke
NEW-011,Stroke Rehabilitation,RRF+Reranker,03_WHO_PIR_Module3_Neurological_chunk_0022,1,,,0.0,0.0,0.0,0.0,0.0,0.0,0.0,0.0,4484.2,False,03_WHO_PIR_Module3_Neurological_chunk_0009; 10_WHO_PIR_Annex_Module3_Evidence_Tables_chunk_0005; 03_WHO_PIR_Module3_Neurological_chunk_0012; stroke-rehabilitation-in-adults-pdf-66143899492549_chunk_0036; VADOD-2024-Stroke-Rehab-CPG-Full-CPG_final_508_chunk_0108; VADOD-2024-Stroke-Rehab-CPG-Full-CPG_final_508_chunk_0352; 10_WHO_PIR_Annex_Module3_Evidence_Tables_chunk_0297; VADOD-2024-Stroke-Rehab-CPG-Full-CPG_final_508_chunk_0469; VADOD-2024-Stroke-Rehab-CPG-Full-CPG_final_508_chunk_0389; VADOD-2024-Stroke-Rehab-CPG-Full-CPG_final_508_chunk_0390,İnme rehabilitasyonunda egzersiz ve fitness alanında hangi iki temel müdahale/evaluasyon çifti bulunmaktadır?,What are the two main intervention/evaluation pairs in exercise and fitness in stroke rehabilitation?,What are the two main intervention/evaluation pairs in exercise and fitness in stroke rehabilitation? exercise exercise training exercise program intervention therapeutic intervention stroke
NEW-012,Stroke Motor Therapy,BM25-only,VADOD-2024-Stroke-Rehab-CPG-Full-CPG_final_508_chunk_0060,1,40,40,0.0,0.0,0.0,0.0,0.0,0.025,0.0,0.0,59.1,True,VADOD-2024-Stroke-Rehab-CPG-Full-CPG_final_508_chunk_0104; VADOD-2024-Stroke-Rehab-CPG-Full-CPG_final_508_chunk_0416; VADOD-2024-Stroke-Rehab-CPG-Full-CPG_final_508_chunk_0105; VADOD-2024-Stroke-Rehab-CPG-Full-CPG_final_508_chunk_0418; VADOD-2024-Stroke-Rehab-CPG-Full-CPG_final_508_chunk_0148; VADOD-2024-Stroke-Rehab-CPG-Full-CPG_final_508_chunk_0389; VADOD-2024-Stroke-Rehab-CPG-Full-CPG_final_508_chunk_0011; VADOD-2024-Stroke-Rehab-CPG-Full-CPG_final_508_chunk_0426; VADOD-2024-Stroke-Rehab-CPG-Full-CPG_final_508_chunk_0286; VADOD-2024-Stroke-Rehab-CPG-Full-CPG_final_508_chunk_0022,VA/DoD 2024 inme rehabilitasyonu kılavuzunda rhythmic auditory stimulation için önerinin yönü ve amacı nedir?,What is the direction and purpose of the recommendation for rhythmic auditory stimulation in the VA/DoD 2024 stroke rehabilitation guidelines?,What is the direction and purpose of the recommendation for rhythmic auditory stimulation in the VA/DoD 2024 stroke rehabilitation guidelines? recommendation recommendations stroke
NEW-012,Stroke Motor Therapy,Dense-only,VADOD-2024-Stroke-Rehab-CPG-Full-CPG_final_508_chunk_0060,1,5,5,0.0,0.0,0.0,1.0,1.0,0.2,0.3869,0.3869,1801.1,True,VADOD-2024-Stroke-Rehab-CPG-Full-CPG_final_508_chunk_0105; VADOD-2024-Stroke-Rehab-CPG-Full-CPG_final_508_chunk_0104; VADOD-2024-Stroke-Rehab-CPG-Full-CPG_final_508_chunk_0004; VADOD-2024-Stroke-Rehab-CPG-Full-CPG_final_508_chunk_0005; VADOD-2024-Stroke-Rehab-CPG-Full-CPG_final_508_chunk_0060; VADOD-2024-Stroke-Rehab-CPG-Full-CPG_final_508_chunk_0018; VADOD-2024-Stroke-Rehab-CPG-Full-CPG_final_508_chunk_0418; VADOD-2024-Stroke-Rehab-CPG-Full-CPG_final_508_chunk_0017; VADOD-2024-Stroke-Rehab-CPG-Full-CPG_final_508_chunk_0416; VADOD-2024-Stroke-Rehab-CPG-Full-CPG_final_508_chunk_0292,VA/DoD 2024 inme rehabilitasyonu kılavuzunda rhythmic auditory stimulation için önerinin yönü ve amacı nedir?,What is the direction and purpose of the recommendation for rhythmic auditory stimulation in the VA/DoD 2024 stroke rehabilitation guidelines?,What is the direction and purpose of the recommendation for rhythmic auditory stimulation in the VA/DoD 2024 stroke rehabilitation guidelines? recommendation recommendations stroke
NEW-012,Stroke Motor Therapy,Dense+BM25 RRF,VADOD-2024-Stroke-Rehab-CPG-Full-CPG_final_508_chunk_0060,1,10,10,0.0,0.0,0.0,0.0,1.0,0.1,0.0,0.2891,0.2,True,VADOD-2024-Stroke-Rehab-CPG-Full-CPG_final_508_chunk_0104; VADOD-2024-Stroke-Rehab-CPG-Full-CPG_final_508_chunk_0105; VADOD-2024-Stroke-Rehab-CPG-Full-CPG_final_508_chunk_0418; VADOD-2024-Stroke-Rehab-CPG-Full-CPG_final_508_chunk_0416; VADOD-2024-Stroke-Rehab-CPG-Full-CPG_final_508_chunk_0389; VADOD-2024-Stroke-Rehab-CPG-Full-CPG_final_508_chunk_0004; VADOD-2024-Stroke-Rehab-CPG-Full-CPG_final_508_chunk_0018; VADOD-2024-Stroke-Rehab-CPG-Full-CPG_final_508_chunk_0017; VADOD-2024-Stroke-Rehab-CPG-Full-CPG_final_508_chunk_0420; VADOD-2024-Stroke-Rehab-CPG-Full-CPG_final_508_chunk_0060,VA/DoD 2024 inme rehabilitasyonu kılavuzunda rhythmic auditory stimulation için önerinin yönü ve amacı nedir?,What is the direction and purpose of the recommendation for rhythmic auditory stimulation in the VA/DoD 2024 stroke rehabilitation guidelines?,What is the direction and purpose of the recommendation for rhythmic auditory stimulation in the VA/DoD 2024 stroke rehabilitation guidelines? recommendation recommendations stroke
NEW-012,Stroke Motor Therapy,RRF+Reranker,VADOD-2024-Stroke-Rehab-CPG-Full-CPG_final_508_chunk_0060,1,5,5,0.0,0.0,0.0,1.0,1.0,0.2,0.3869,0.3869,4873.2,True,VADOD-2024-Stroke-Rehab-CPG-Full-CPG_final_508_chunk_0105; VADOD-2024-Stroke-Rehab-CPG-Full-CPG_final_508_chunk_0389; VADOD-2024-Stroke-Rehab-CPG-Full-CPG_final_508_chunk_0418; VADOD-2024-Stroke-Rehab-CPG-Full-CPG_final_508_chunk_0104; VADOD-2024-Stroke-Rehab-CPG-Full-CPG_final_508_chunk_0060; VADOD-2024-Stroke-Rehab-CPG-Full-CPG_final_508_chunk_0390; VADOD-2024-Stroke-Rehab-CPG-Full-CPG_final_508_chunk_0286; VADOD-2024-Stroke-Rehab-CPG-Full-CPG_final_508_chunk_0017; VADOD-2024-Stroke-Rehab-CPG-Full-CPG_final_508_chunk_0005; VADOD-2024-Stroke-Rehab-CPG-Full-CPG_final_508_chunk_0018,VA/DoD 2024 inme rehabilitasyonu kılavuzunda rhythmic auditory stimulation için önerinin yönü ve amacı nedir?,What is the direction and purpose of the recommendation for rhythmic auditory stimulation in the VA/DoD 2024 stroke rehabilitation guidelines?,What is the direction and purpose of the recommendation for rhythmic auditory stimulation in the VA/DoD 2024 stroke rehabilitation guidelines? recommendation recommendations stroke
NEW-013,Stroke Motor Therapy,BM25-only,VADOD-2024-Stroke-Rehab-CPG-Full-CPG_final_508_chunk_0092,1,5,5,0.0,0.0,0.0,1.0,1.0,0.2,0.3869,0.3869,53.1,True,VADOD-2024-Stroke-Rehab-CPG-Full-CPG_final_508_chunk_0091; VADOD-2024-Stroke-Rehab-CPG-Full-CPG_final_508_chunk_0003; VADOD-2024-Stroke-Rehab-CPG-Full-CPG_final_508_chunk_0035; VADOD-2024-Stroke-Rehab-CPG-Full-CPG_final_508_chunk_0105; VADOD-2024-Stroke-Rehab-CPG-Full-CPG_final_508_chunk_0092; VADOD-2024-Stroke-Rehab-CPG-Full-CPG_final_508_chunk_0011; VADOD-2024-Stroke-Rehab-CPG-Full-CPG_final_508_chunk_0004; VADOD-2024-Stroke-Rehab-CPG-Full-CPG_final_508_chunk_0382; VADOD-2024-Stroke-Rehab-CPG-Full-CPG_final_508_chunk_0192; VADOD-2024-Stroke-Rehab-CPG-Full-CPG_final_508_chunk_0034,VA/DoD 2024 kılavuzunda task-specific practice için hasta değerleri ve tercihleri açısından hangi gerekçe vurgulanmaktadır?,What is the rationale emphasized in the VA/DoD 2024 guidelines regarding task-specific practice based on patient values and preferences?,What is the rationale emphasized in the VA/DoD 2024 guidelines regarding task-specific practice based on patient values and preferences?
NEW-013,Stroke Motor Therapy,Dense-only,VADOD-2024-Stroke-Rehab-CPG-Full-CPG_final_508_chunk_0092,1,2,2,0.0,0.0,1.0,1.0,1.0,0.5,0.6309,0.6309,2225.6,True,VADOD-2024-Stroke-Rehab-CPG-Full-CPG_final_508_chunk_0003; VADOD-2024-Stroke-Rehab-CPG-Full-CPG_final_508_chunk_0092; VADOD-2024-Stroke-Rehab-CPG-Full-CPG_final_508_chunk_0001; VADOD-2024-Stroke-Rehab-CPG-Full-CPG_final_508_chunk_0575; VADOD-2024-Stroke-Rehab-CPG-Full-CPG_final_508_chunk_0020; VADOD-2024-Stroke-Rehab-CPG-Full-CPG_final_508_chunk_0034; VADOD-2024-Stroke-Rehab-CPG-Full-CPG_final_508_chunk_0005; VADOD-2024-Stroke-Rehab-CPG-Full-CPG_final_508_chunk_0057; VADOD-2024-Stroke-Rehab-CPG-Full-CPG_final_508_chunk_0019; VADOD-2024-Stroke-Rehab-CPG-Full-CPG_final_508_chunk_0004,VA/DoD 2024 kılavuzunda task-specific practice için hasta değerleri ve tercihleri açısından hangi gerekçe vurgulanmaktadır?,What is the rationale emphasized in the VA/DoD 2024 guidelines regarding task-specific practice based on patient values and preferences?,What is the rationale emphasized in the VA/DoD 2024 guidelines regarding task-specific practice based on patient values and preferences?
NEW-013,Stroke Motor Therapy,Dense+BM25 RRF,VADOD-2024-Stroke-Rehab-CPG-Full-CPG_final_508_chunk_0092,1,2,2,0.0,0.0,1.0,1.0,1.0,0.5,0.6309,0.6309,0.3,True,VADOD-2024-Stroke-Rehab-CPG-Full-CPG_final_508_chunk_0003; VADOD-2024-Stroke-Rehab-CPG-Full-CPG_final_508_chunk_0092; VADOD-2024-Stroke-Rehab-CPG-Full-CPG_final_508_chunk_0034; VADOD-2024-Stroke-Rehab-CPG-Full-CPG_final_508_chunk_0004; VADOD-2024-Stroke-Rehab-CPG-Full-CPG_final_508_chunk_0091; VADOD-2024-Stroke-Rehab-CPG-Full-CPG_final_508_chunk_0011; VADOD-2024-Stroke-Rehab-CPG-Full-CPG_final_508_chunk_0035; 09_WHO_PIR_Annex_Module2_Evidence_Tables_chunk_0280; VADOD-2024-Stroke-Rehab-CPG-Full-CPG_final_508_chunk_0090; VADOD-2024-Stroke-Rehab-CPG-Full-CPG_final_508_chunk_0001,VA/DoD 2024 kılavuzunda task-specific practice için hasta değerleri ve tercihleri açısından hangi gerekçe vurgulanmaktadır?,What is the rationale emphasized in the VA/DoD 2024 guidelines regarding task-specific practice based on patient values and preferences?,What is the rationale emphasized in the VA/DoD 2024 guidelines regarding task-specific practice based on patient values and preferences?
NEW-013,Stroke Motor Therapy,RRF+Reranker,VADOD-2024-Stroke-Rehab-CPG-Full-CPG_final_508_chunk_0092,1,4,4,0.0,0.0,0.0,1.0,1.0,0.25,0.4307,0.4307,4532.3,True,VADOD-2024-Stroke-Rehab-CPG-Full-CPG_final_508_chunk_0003; VADOD-2024-Stroke-Rehab-CPG-Full-CPG_final_508_chunk_0192; VADOD-2024-Stroke-Rehab-CPG-Full-CPG_final_508_chunk_0138; VADOD-2024-Stroke-Rehab-CPG-Full-CPG_final_508_chunk_0092; VADOD-2024-Stroke-Rehab-CPG-Full-CPG_final_508_chunk_0105; VADOD-2024-Stroke-Rehab-CPG-Full-CPG_final_508_chunk_0035; VADOD-2024-Stroke-Rehab-CPG-Full-CPG_final_508_chunk_0364; VADOD-2024-Stroke-Rehab-CPG-Full-CPG_final_508_chunk_0057; VADOD-2024-Stroke-Rehab-CPG-Full-CPG_final_508_chunk_0382; VADOD-2024-Stroke-Rehab-CPG-Full-CPG_final_508_chunk_0091,VA/DoD 2024 kılavuzunda task-specific practice için hasta değerleri ve tercihleri açısından hangi gerekçe vurgulanmaktadır?,What is the rationale emphasized in the VA/DoD 2024 guidelines regarding task-specific practice based on patient values and preferences?,What is the rationale emphasized in the VA/DoD 2024 guidelines regarding task-specific practice based on patient values and preferences?
NEW-014,Stroke Motor Therapy,BM25-only,VADOD-2024-Stroke-Rehab-CPG-Full-CPG_final_508_chunk_0098,1,4,4,0.0,0.0,0.0,1.0,1.0,0.25,0.4307,0.4307,59.3,True,02_WHO_PIR_Module2_Musculoskeletal_chunk_0023; 02_WHO_PIR_Module2_Musculoskeletal_chunk_0057; 03_WHO_PIR_Module3_Neurological_chunk_0391; VADOD-2024-Stroke-Rehab-CPG-Full-CPG_final_508_chunk_0098; 03_WHO_PIR_Module3_Neurological_chunk_0224; 02_WHO_PIR_Module2_Musculoskeletal_chunk_0015; 02_WHO_PIR_Module2_Musculoskeletal_chunk_0121; 04_WHO_PIR_Module4_Cardiopulmonary_chunk_0062; 05_WHO_PIR_Module5_Neurodevelopmental_chunk_0046; 07_WHO_PIR_Module7_Malignant_Neoplasm_chunk_0047,VA/DoD 2024 kılavuzunda mirror therapy motor sonuçlar ve günlük yaşam aktiviteleri açısından nasıl konumlandırılmıştır?,How is mirror therapy positioned in terms of motor outcomes and activities of daily living in the VA/DoD 2024 guidelines?,How is mirror therapy positioned in terms of motor outcomes and activities of daily living in the VA/DoD 2024 guidelines? activities of daily living ADL daily activities
NEW-014,Stroke Motor Therapy,Dense-only,VADOD-2024-Stroke-Rehab-CPG-Full-CPG_final_508_chunk_0098,1,1,1,1.0,1.0,1.0,1.0,1.0,1.0,1.0,1.0,2023.7,True,VADOD-2024-Stroke-Rehab-CPG-Full-CPG_final_508_chunk_0098; VADOD-2024-Stroke-Rehab-CPG-Full-CPG_final_508_chunk_0097; VADOD-2024-Stroke-Rehab-CPG-Full-CPG_final_508_chunk_0389; VADOD-2024-Stroke-Rehab-CPG-Full-CPG_final_508_chunk_0096; stroke-rehabilitation-in-adults-pdf-66143899492549_chunk_0092; VADOD-2024-Stroke-Rehab-CPG-Full-CPG_final_508_chunk_0390; VADOD-2024-Stroke-Rehab-CPG-Full-CPG_final_508_chunk_0099; VADOD-2024-Stroke-Rehab-CPG-Full-CPG_final_508_chunk_0580; VADOD-2024-Stroke-Rehab-CPG-Full-CPG_final_508_chunk_0060; stroke-rehabilitation-in-adults-pdf-66143899492549_chunk_0077,VA/DoD 2024 kılavuzunda mirror therapy motor sonuçlar ve günlük yaşam aktiviteleri açısından nasıl konumlandırılmıştır?,How is mirror therapy positioned in terms of motor outcomes and activities of daily living in the VA/DoD 2024 guidelines?,How is mirror therapy positioned in terms of motor outcomes and activities of daily living in the VA/DoD 2024 guidelines? activities of daily living ADL daily activities
NEW-014,Stroke Motor Therapy,Dense+BM25 RRF,VADOD-2024-Stroke-Rehab-CPG-Full-CPG_final_508_chunk_0098,1,1,1,1.0,1.0,1.0,1.0,1.0,1.0,1.0,1.0,0.2,True,VADOD-2024-Stroke-Rehab-CPG-Full-CPG_final_508_chunk_0098; VADOD-2024-Stroke-Rehab-CPG-Full-CPG_final_508_chunk_0389; VADOD-2024-Stroke-Rehab-CPG-Full-CPG_final_508_chunk_0058; VADOD-2024-Stroke-Rehab-CPG-Full-CPG_final_508_chunk_0059; VADOD-2024-Stroke-Rehab-CPG-Full-CPG_final_508_chunk_0097; VADOD-2024-Stroke-Rehab-CPG-Full-CPG_final_508_chunk_0096; stroke-rehabilitation-in-adults-pdf-66143899492549_chunk_0092; VADOD-2024-Stroke-Rehab-CPG-Full-CPG_final_508_chunk_0390; VADOD-2024-Stroke-Rehab-CPG-Full-CPG_final_508_chunk_0099; VADOD-2024-Stroke-Rehab-CPG-Full-CPG_final_508_chunk_0580,VA/DoD 2024 kılavuzunda mirror therapy motor sonuçlar ve günlük yaşam aktiviteleri açısından nasıl konumlandırılmıştır?,How is mirror therapy positioned in terms of motor outcomes and activities of daily living in the VA/DoD 2024 guidelines?,How is mirror therapy positioned in terms of motor outcomes and activities of daily living in the VA/DoD 2024 guidelines? activities of daily living ADL daily activities
NEW-014,Stroke Motor Therapy,RRF+Reranker,VADOD-2024-Stroke-Rehab-CPG-Full-CPG_final_508_chunk_0098,1,5,5,0.0,0.0,0.0,1.0,1.0,0.2,0.3869,0.3869,4390.2,True,VADOD-2024-Stroke-Rehab-CPG-Full-CPG_final_508_chunk_0389; VADOD-2024-Stroke-Rehab-CPG-Full-CPG_final_508_chunk_0096; VADOD-2024-Stroke-Rehab-CPG-Full-CPG_final_508_chunk_0418; VADOD-2024-Stroke-Rehab-CPG-Full-CPG_final_508_chunk_0390; VADOD-2024-Stroke-Rehab-CPG-Full-CPG_final_508_chunk_0098; VADOD-2024-Stroke-Rehab-CPG-Full-CPG_final_508_chunk_0059; VADOD-2024-Stroke-Rehab-CPG-Full-CPG_final_508_chunk_0420; VADOD-2024-Stroke-Rehab-CPG-Full-CPG_final_508_chunk_0058; VADOD-2024-Stroke-Rehab-CPG-Full-CPG_final_508_chunk_0060; VADOD-2024-Stroke-Rehab-CPG-Full-CPG_final_508_chunk_0580,VA/DoD 2024 kılavuzunda mirror therapy motor sonuçlar ve günlük yaşam aktiviteleri açısından nasıl konumlandırılmıştır?,How is mirror therapy positioned in terms of motor outcomes and activities of daily living in the VA/DoD 2024 guidelines?,How is mirror therapy positioned in terms of motor outcomes and activities of daily living in the VA/DoD 2024 guidelines? activities of daily living ADL daily activities
NEW-015,Stroke Motor Therapy,BM25-only,VADOD-2024-Stroke-Rehab-CPG-Full-CPG_final_508_chunk_0099,1,1,1,1.0,1.0,1.0,1.0,1.0,1.0,1.0,1.0,41.3,True,VADOD-2024-Stroke-Rehab-CPG-Full-CPG_final_508_chunk_0099; VADOD-2024-Stroke-Rehab-CPG-Full-CPG_final_508_chunk_0424; VADOD-2024-Stroke-Rehab-CPG-Full-CPG_final_508_chunk_0580; VADOD-2024-Stroke-Rehab-CPG-Full-CPG_final_508_chunk_0097; VADOD-2024-Stroke-Rehab-CPG-Full-CPG_final_508_chunk_0222; VADOD-2024-Stroke-Rehab-CPG-Full-CPG_final_508_chunk_0389; VADOD-2024-Stroke-Rehab-CPG-Full-CPG_final_508_chunk_0301; VADOD-2024-Stroke-Rehab-CPG-Full-CPG_final_508_chunk_0219; VADOD-2024-Stroke-Rehab-CPG-Full-CPG_final_508_chunk_0096; VADOD-2024-Stroke-Rehab-CPG-Full-CPG_final_508_chunk_0063,VA/DoD 2024 kılavuzunda mirror therapy'nin unilateral spatial neglect üzerindeki amacı nedir?,What is the purpose of mirror therapy in the VA/DoD 2024 guidelines for the treatment of unilateral spatial neglect?,What is the purpose of mirror therapy in the VA/DoD 2024 guidelines for the treatment of unilateral spatial neglect?
NEW-015,Stroke Motor Therapy,Dense-only,VADOD-2024-Stroke-Rehab-CPG-Full-CPG_final_508_chunk_0099,1,1,1,1.0,1.0,1.0,1.0,1.0,1.0,1.0,1.0,1656.6,True,VADOD-2024-Stroke-Rehab-CPG-Full-CPG_final_508_chunk_0099; VADOD-2024-Stroke-Rehab-CPG-Full-CPG_final_508_chunk_0097; VADOD-2024-Stroke-Rehab-CPG-Full-CPG_final_508_chunk_0222; VADOD-2024-Stroke-Rehab-CPG-Full-CPG_final_508_chunk_0096; VADOD-2024-Stroke-Rehab-CPG-Full-CPG_final_508_chunk_0580; VADOD-2024-Stroke-Rehab-CPG-Full-CPG_final_508_chunk_0406; VADOD-2024-Stroke-Rehab-CPG-Full-CPG_final_508_chunk_0219; VADOD-2024-Stroke-Rehab-CPG-Full-CPG_final_508_chunk_0593; VADOD-2024-Stroke-Rehab-CPG-Full-CPG_final_508_chunk_0424; VADOD-2024-Stroke-Rehab-CPG-Full-CPG_final_508_chunk_0223,VA/DoD 2024 kılavuzunda mirror therapy'nin unilateral spatial neglect üzerindeki amacı nedir?,What is the purpose of mirror therapy in the VA/DoD 2024 guidelines for the treatment of unilateral spatial neglect?,What is the purpose of mirror therapy in the VA/DoD 2024 guidelines for the treatment of unilateral spatial neglect?
NEW-015,Stroke Motor Therapy,Dense+BM25 RRF,VADOD-2024-Stroke-Rehab-CPG-Full-CPG_final_508_chunk_0099,1,1,1,1.0,1.0,1.0,1.0,1.0,1.0,1.0,1.0,0.1,True,VADOD-2024-Stroke-Rehab-CPG-Full-CPG_final_508_chunk_0099; VADOD-2024-Stroke-Rehab-CPG-Full-CPG_final_508_chunk_0097; VADOD-2024-Stroke-Rehab-CPG-Full-CPG_final_508_chunk_0222; VADOD-2024-Stroke-Rehab-CPG-Full-CPG_final_508_chunk_0580; VADOD-2024-Stroke-Rehab-CPG-Full-CPG_final_508_chunk_0424; VADOD-2024-Stroke-Rehab-CPG-Full-CPG_final_508_chunk_0096; VADOD-2024-Stroke-Rehab-CPG-Full-CPG_final_508_chunk_0219; VADOD-2024-Stroke-Rehab-CPG-Full-CPG_final_508_chunk_0389; VADOD-2024-Stroke-Rehab-CPG-Full-CPG_final_508_chunk_0406; VADOD-2024-Stroke-Rehab-CPG-Full-CPG_final_508_chunk_0301,VA/DoD 2024 kılavuzunda mirror therapy'nin unilateral spatial neglect üzerindeki amacı nedir?,What is the purpose of mirror therapy in the VA/DoD 2024 guidelines for the treatment of unilateral spatial neglect?,What is the purpose of mirror therapy in the VA/DoD 2024 guidelines for the treatment of unilateral spatial neglect?
NEW-015,Stroke Motor Therapy,RRF+Reranker,VADOD-2024-Stroke-Rehab-CPG-Full-CPG_final_508_chunk_0099,1,1,1,1.0,1.0,1.0,1.0,1.0,1.0,1.0,1.0,4488.0,True,VADOD-2024-Stroke-Rehab-CPG-Full-CPG_final_508_chunk_0099; VADOD-2024-Stroke-Rehab-CPG-Full-CPG_final_508_chunk_0389; VADOD-2024-Stroke-Rehab-CPG-Full-CPG_final_508_chunk_0096; VADOD-2024-Stroke-Rehab-CPG-Full-CPG_final_508_chunk_0390; VADOD-2024-Stroke-Rehab-CPG-Full-CPG_final_508_chunk_0097; VADOD-2024-Stroke-Rehab-CPG-Full-CPG_final_508_chunk_0580; VADOD-2024-Stroke-Rehab-CPG-Full-CPG_final_508_chunk_0425; VADOD-2024-Stroke-Rehab-CPG-Full-CPG_final_508_chunk_0224; VADOD-2024-Stroke-Rehab-CPG-Full-CPG_final_508_chunk_0226; VADOD-2024-Stroke-Rehab-CPG-Full-CPG_final_508_chunk_0424,VA/DoD 2024 kılavuzunda mirror therapy'nin unilateral spatial neglect üzerindeki amacı nedir?,What is the purpose of mirror therapy in the VA/DoD 2024 guidelines for the treatment of unilateral spatial neglect?,What is the purpose of mirror therapy in the VA/DoD 2024 guidelines for the treatment of unilateral spatial neglect?
NEW-016,Stroke Dysphagia,BM25-only,VADOD-2024-Stroke-Rehab-CPG-Full-CPG_final_508_chunk_0422,1,2,2,0.0,0.0,1.0,1.0,1.0,0.5,0.6309,0.6309,52.0,True,VADOD-2024-Stroke-Rehab-CPG-Full-CPG_final_508_chunk_0187; VADOD-2024-Stroke-Rehab-CPG-Full-CPG_final_508_chunk_0422; VADOD-2024-Stroke-Rehab-CPG-Full-CPG_final_508_chunk_0423; stroke-rehabilitation-in-adults-pdf-66143899492549_chunk_0031; VADOD-2024-Stroke-Rehab-CPG-Full-CPG_final_508_chunk_0588; VADOD-2024-Stroke-Rehab-CPG-Full-CPG_final_508_chunk_0189; VADOD-2024-Stroke-Rehab-CPG-Full-CPG_final_508_chunk_0186; VADOD-2024-Stroke-Rehab-CPG-Full-CPG_final_508_chunk_0063; VADOD-2024-Stroke-Rehab-CPG-Full-CPG_final_508_chunk_0317; VADOD-2024-Stroke-Rehab-CPG-Full-CPG_final_508_chunk_0542,İnme sonrası disfajide Shaker veya chin tuck against resistance egzersizleri kılavuzda nasıl önerilmektedir?,How are Shaker or chin tuck against resistance exercises recommended in the guideline for dysphagia following a stroke?,How are Shaker or chin tuck against resistance exercises recommended in the guideline for dysphagia following a stroke? stroke
NEW-016,Stroke Dysphagia,Dense-only,VADOD-2024-Stroke-Rehab-CPG-Full-CPG_final_508_chunk_0422,1,1,1,1.0,1.0,1.0,1.0,1.0,1.0,1.0,1.0,1805.4,True,VADOD-2024-Stroke-Rehab-CPG-Full-CPG_final_508_chunk_0422; VADOD-2024-Stroke-Rehab-CPG-Full-CPG_final_508_chunk_0423; VADOD-2024-Stroke-Rehab-CPG-Full-CPG_final_508_chunk_0193; VADOD-2024-Stroke-Rehab-CPG-Full-CPG_final_508_chunk_0187; stroke-rehabilitation-in-adults-pdf-66143899492549_chunk_0031; stroke-rehabilitation-in-adults-pdf-66143899492549_chunk_0032; stroke-rehabilitation-in-adults-pdf-66143899492549_chunk_0087; VADOD-2024-Stroke-Rehab-CPG-Full-CPG_final_508_chunk_0195; VADOD-2024-Stroke-Rehab-CPG-Full-CPG_final_508_chunk_0589; 10_WHO_PIR_Annex_Module3_Evidence_Tables_chunk_0109,İnme sonrası disfajide Shaker veya chin tuck against resistance egzersizleri kılavuzda nasıl önerilmektedir?,How are Shaker or chin tuck against resistance exercises recommended in the guideline for dysphagia following a stroke?,How are Shaker or chin tuck against resistance exercises recommended in the guideline for dysphagia following a stroke? stroke
NEW-016,Stroke Dysphagia,Dense+BM25 RRF,VADOD-2024-Stroke-Rehab-CPG-Full-CPG_final_508_chunk_0422,1,1,1,1.0,1.0,1.0,1.0,1.0,1.0,1.0,1.0,0.4,True,VADOD-2024-Stroke-Rehab-CPG-Full-CPG_final_508_chunk_0422; VADOD-2024-Stroke-Rehab-CPG-Full-CPG_final_508_chunk_0423; VADOD-2024-Stroke-Rehab-CPG-Full-CPG_final_508_chunk_0187; stroke-rehabilitation-in-adults-pdf-66143899492549_chunk_0031; VADOD-2024-Stroke-Rehab-CPG-Full-CPG_final_508_chunk_0189; VADOD-2024-Stroke-Rehab-CPG-Full-CPG_final_508_chunk_0317; VADOD-2024-Stroke-Rehab-CPG-Full-CPG_final_508_chunk_0063; VADOD-2024-Stroke-Rehab-CPG-Full-CPG_final_508_chunk_0195; 10_WHO_PIR_Annex_Module3_Evidence_Tables_chunk_0109; VADOD-2024-Stroke-Rehab-CPG-Full-CPG_final_508_chunk_0193,İnme sonrası disfajide Shaker veya chin tuck against resistance egzersizleri kılavuzda nasıl önerilmektedir?,How are Shaker or chin tuck against resistance exercises recommended in the guideline for dysphagia following a stroke?,How are Shaker or chin tuck against resistance exercises recommended in the guideline for dysphagia following a stroke? stroke
NEW-016,Stroke Dysphagia,RRF+Reranker,VADOD-2024-Stroke-Rehab-CPG-Full-CPG_final_508_chunk_0422,1,1,1,1.0,1.0,1.0,1.0,1.0,1.0,1.0,1.0,4511.9,True,VADOD-2024-Stroke-Rehab-CPG-Full-CPG_final_508_chunk_0422; VADOD-2024-Stroke-Rehab-CPG-Full-CPG_final_508_chunk_0187; VADOD-2024-Stroke-Rehab-CPG-Full-CPG_final_508_chunk_0189; VADOD-2024-Stroke-Rehab-CPG-Full-CPG_final_508_chunk_0063; stroke-rehabilitation-in-adults-pdf-66143899492549_chunk_0031; VADOD-2024-Stroke-Rehab-CPG-Full-CPG_final_508_chunk_0423; VADOD-2024-Stroke-Rehab-CPG-Full-CPG_final_508_chunk_0186; VADOD-2024-Stroke-Rehab-CPG-Full-CPG_final_508_chunk_0065; 10_WHO_PIR_Annex_Module3_Evidence_Tables_chunk_0039; VADOD-2024-Stroke-Rehab-CPG-Full-CPG_final_508_chunk_0195,İnme sonrası disfajide Shaker veya chin tuck against resistance egzersizleri kılavuzda nasıl önerilmektedir?,How are Shaker or chin tuck against resistance exercises recommended in the guideline for dysphagia following a stroke?,How are Shaker or chin tuck against resistance exercises recommended in the guideline for dysphagia following a stroke? stroke
NEW-017,Parkinson Disease,BM25-only,Physical Therapist Management of Parkinson Disease_chunk_0007,1,,,0.0,0.0,0.0,0.0,0.0,0.0,0.0,0.0,92.8,False,Physical Therapist Management of Parkinson Disease_chunk_0004; 10_WHO_PIR_Annex_Module3_Evidence_Tables_chunk_0095; 10_WHO_PIR_Annex_Module3_Evidence_Tables_chunk_0097; 10_WHO_PIR_Annex_Module3_Evidence_Tables_chunk_0134; 10_WHO_PIR_Annex_Module3_Evidence_Tables_chunk_0093; Physical Therapist Management of Parkinson Disease_chunk_0148; 10_WHO_PIR_Annex_Module3_Evidence_Tables_chunk_0091; 10_WHO_PIR_Annex_Module3_Evidence_Tables_chunk_0102; Physical Therapist Management of Parkinson Disease_chunk_0002; Physical Therapist Management of Parkinson Disease_chunk_0099,Parkinson hastalığına yönelik fizik tedavi kılavuzu hangi hasta grubuna odaklanmaktadır ve hangi Parkinsonizm gruplarını kapsamamaktadır?,"Which patient population does the clinical guideline for Parkinson's disease physical therapy focus on, and which Parkinsonism subtypes does it exclude?","Which patient population does the clinical guideline for Parkinson's disease physical therapy focus on, and which Parkinsonism subtypes does it exclude? physical therapy physiotherapy physical therapist Parkinson's disease Parkinson disease guideline clinical guideline clinical practice guideline treatment therapy intervention"
NEW-017,Parkinson Disease,Dense-only,Physical Therapist Management of Parkinson Disease_chunk_0007,1,,,0.0,0.0,0.0,0.0,0.0,0.0,0.0,0.0,1650.3,False,Physical Therapist Management of Parkinson Disease_chunk_0002; Physical Therapist Management of Parkinson Disease_chunk_0099; Physical Therapist Management of Parkinson Disease_chunk_0005; 10_WHO_PIR_Annex_Module3_Evidence_Tables_chunk_0097; 10_WHO_PIR_Annex_Module3_Evidence_Tables_chunk_0091; 10_WHO_PIR_Annex_Module3_Evidence_Tables_chunk_0134; Physical Therapist Management of Parkinson Disease_chunk_0004; Physical Therapist Management of Parkinson Disease_chunk_0100; 10_WHO_PIR_Annex_Module3_Evidence_Tables_chunk_0095; 10_WHO_PIR_Annex_Module3_Evidence_Tables_chunk_0093,Parkinson hastalığına yönelik fizik tedavi kılavuzu hangi hasta grubuna odaklanmaktadır ve hangi Parkinsonizm gruplarını kapsamamaktadır?,"Which patient population does the clinical guideline for Parkinson's disease physical therapy focus on, and which Parkinsonism subtypes does it exclude?","Which patient population does the clinical guideline for Parkinson's disease physical therapy focus on, and which Parkinsonism subtypes does it exclude? physical therapy physiotherapy physical therapist Parkinson's disease Parkinson disease guideline clinical guideline clinical practice guideline treatment therapy intervention"
NEW-017,Parkinson Disease,Dense+BM25 RRF,Physical Therapist Management of Parkinson Disease_chunk_0007,1,,,0.0,0.0,0.0,0.0,0.0,0.0,0.0,0.0,0.2,False,10_WHO_PIR_Annex_Module3_Evidence_Tables_chunk_0097; Physical Therapist Management of Parkinson Disease_chunk_0004; Physical Therapist Management of Parkinson Disease_chunk_0002; 10_WHO_PIR_Annex_Module3_Evidence_Tables_chunk_0134; Physical Therapist Management of Parkinson Disease_chunk_0099; 10_WHO_PIR_Annex_Module3_Evidence_Tables_chunk_0095; 10_WHO_PIR_Annex_Module3_Evidence_Tables_chunk_0091; 10_WHO_PIR_Annex_Module3_Evidence_Tables_chunk_0093; Physical Therapist Management of Parkinson Disease_chunk_0148; 10_WHO_PIR_Annex_Module3_Evidence_Tables_chunk_0102,Parkinson hastalığına yönelik fizik tedavi kılavuzu hangi hasta grubuna odaklanmaktadır ve hangi Parkinsonizm gruplarını kapsamamaktadır?,"Which patient population does the clinical guideline for Parkinson's disease physical therapy focus on, and which Parkinsonism subtypes does it exclude?","Which patient population does the clinical guideline for Parkinson's disease physical therapy focus on, and which Parkinsonism subtypes does it exclude? physical therapy physiotherapy physical therapist Parkinson's disease Parkinson disease guideline clinical guideline clinical practice guideline treatment therapy intervention"
NEW-017,Parkinson Disease,RRF+Reranker,Physical Therapist Management of Parkinson Disease_chunk_0007,1,,,0.0,0.0,0.0,0.0,0.0,0.0,0.0,0.0,4803.6,False,Physical Therapist Management of Parkinson Disease_chunk_0005; 10_WHO_PIR_Annex_Module3_Evidence_Tables_chunk_0097; Physical Therapist Management of Parkinson Disease_chunk_0099; 10_WHO_PIR_Annex_Module3_Evidence_Tables_chunk_0093; Physical Therapist Management of Parkinson Disease_chunk_0016; 10_WHO_PIR_Annex_Module3_Evidence_Tables_chunk_0102; 10_WHO_PIR_Annex_Module3_Evidence_Tables_chunk_0134; Physical Therapist Management of Parkinson Disease_chunk_0004; 10_WHO_PIR_Annex_Module3_Evidence_Tables_chunk_0095; Physical Therapist Management of Parkinson Disease_chunk_0148,Parkinson hastalığına yönelik fizik tedavi kılavuzu hangi hasta grubuna odaklanmaktadır ve hangi Parkinsonizm gruplarını kapsamamaktadır?,"Which patient population does the clinical guideline for Parkinson's disease physical therapy focus on, and which Parkinsonism subtypes does it exclude?","Which patient population does the clinical guideline for Parkinson's disease physical therapy focus on, and which Parkinsonism subtypes does it exclude? physical therapy physiotherapy physical therapist Parkinson's disease Parkinson disease guideline clinical guideline clinical practice guideline treatment therapy intervention"
NEW-018,Parkinson Disease,BM25-only,Physical Therapist Management of Parkinson Disease_chunk_0009,1,2,2,0.0,0.0,1.0,1.0,1.0,0.5,0.6309,0.6309,57.1,True,Physical Therapist Management of Parkinson Disease_chunk_0129; Physical Therapist Management of Parkinson Disease_chunk_0009; 10_WHO_PIR_Annex_Module3_Evidence_Tables_chunk_0097; Physical Therapist Management of Parkinson Disease_chunk_0113; 10_WHO_PIR_Annex_Module3_Evidence_Tables_chunk_0095; Physical Therapist Management of Parkinson Disease_chunk_0102; Physical Therapist Management of Parkinson Disease_chunk_0111; 10_WHO_PIR_Annex_Module3_Evidence_Tables_chunk_0102; 10_WHO_PIR_Annex_Module3_Evidence_Tables_chunk_0134; Physical Therapist Management of Parkinson Disease_chunk_0131,Parkinson hastalığında dışsal ipuçları (external cueing) hangi iki temel klinik sonucun iyileştirilmesi için önerilmektedir?,"In Parkinson's disease, which two primary clinical outcomes are improved by the use of external cueing?","In Parkinson's disease, which two primary clinical outcomes are improved by the use of external cueing? Parkinson's disease Parkinson disease"
NEW-018,Parkinson Disease,Dense-only,Physical Therapist Management of Parkinson Disease_chunk_0009,1,10,10,0.0,0.0,0.0,0.0,1.0,0.1,0.0,0.2891,1729.4,True,Physical Therapist Management of Parkinson Disease_chunk_0051; Physical Therapist Management of Parkinson Disease_chunk_0129; Physical Therapist Management of Parkinson Disease_chunk_0053; Physical Therapist Management of Parkinson Disease_chunk_0056; Physical Therapist Management of Parkinson Disease_chunk_0050; Physical Therapist Management of Parkinson Disease_chunk_0055; Physical Therapist Management of Parkinson Disease_chunk_0052; Physical Therapist Management of Parkinson Disease_chunk_0057; 10_WHO_PIR_Annex_Module3_Evidence_Tables_chunk_0006; Physical Therapist Management of Parkinson Disease_chunk_0009,Parkinson hastalığında dışsal ipuçları (external cueing) hangi iki temel klinik sonucun iyileştirilmesi için önerilmektedir?,"In Parkinson's disease, which two primary clinical outcomes are improved by the use of external cueing?","In Parkinson's disease, which two primary clinical outcomes are improved by the use of external cueing? Parkinson's disease Parkinson disease"
NEW-018,Parkinson Disease,Dense+BM25 RRF,Physical Therapist Management of Parkinson Disease_chunk_0009,1,2,2,0.0,0.0,1.0,1.0,1.0,0.5,0.6309,0.6309,0.3,True,Physical Therapist Management of Parkinson Disease_chunk_0129; Physical Therapist Management of Parkinson Disease_chunk_0009; 10_WHO_PIR_Annex_Module3_Evidence_Tables_chunk_0102; Physical Therapist Management of Parkinson Disease_chunk_0130; Physical Therapist Management of Parkinson Disease_chunk_0131; Physical Therapist Management of Parkinson Disease_chunk_0111; Physical Therapist Management of Parkinson Disease_chunk_0110; Physical Therapist Management of Parkinson Disease_chunk_0144; Physical Therapist Management of Parkinson Disease_chunk_0146; Physical Therapist Management of Parkinson Disease_chunk_0145,Parkinson hastalığında dışsal ipuçları (external cueing) hangi iki temel klinik sonucun iyileştirilmesi için önerilmektedir?,"In Parkinson's disease, which two primary clinical outcomes are improved by the use of external cueing?","In Parkinson's disease, which two primary clinical outcomes are improved by the use of external cueing? Parkinson's disease Parkinson disease"
NEW-018,Parkinson Disease,RRF+Reranker,Physical Therapist Management of Parkinson Disease_chunk_0009,1,1,1,1.0,1.0,1.0,1.0,1.0,1.0,1.0,1.0,4804.9,True,Physical Therapist Management of Parkinson Disease_chunk_0009; Physical Therapist Management of Parkinson Disease_chunk_0050; Physical Therapist Management of Parkinson Disease_chunk_0057; Physical Therapist Management of Parkinson Disease_chunk_0051; Physical Therapist Management of Parkinson Disease_chunk_0131; Physical Therapist Management of Parkinson Disease_chunk_0129; Physical Therapist Management of Parkinson Disease_chunk_0053; Physical Therapist Management of Parkinson Disease_chunk_0055; Physical Therapist Management of Parkinson Disease_chunk_0056; Physical Therapist Management of Parkinson Disease_chunk_0052,Parkinson hastalığında dışsal ipuçları (external cueing) hangi iki temel klinik sonucun iyileştirilmesi için önerilmektedir?,"In Parkinson's disease, which two primary clinical outcomes are improved by the use of external cueing?","In Parkinson's disease, which two primary clinical outcomes are improved by the use of external cueing? Parkinson's disease Parkinson disease"
NEW-019,Multiple Sclerosis,BM25-only,multiple-sclerosis-in-adults-management-pdf-66143828948677_chunk_0022,1,1,1,1.0,1.0,1.0,1.0,1.0,1.0,1.0,1.0,63.4,True,multiple-sclerosis-in-adults-management-pdf-66143828948677_chunk_0022; multiple-sclerosis-in-adults-management-pdf-66143828948677_chunk_0004; multiple-sclerosis-in-adults-management-pdf-66143828948677_chunk_0051; multiple-sclerosis-in-adults-management-pdf-66143828948677_chunk_0007; multiple-sclerosis-in-adults-management-pdf-66143828948677_chunk_0023; multiple-sclerosis-in-adults-management-pdf-66143828948677_chunk_0061; multiple-sclerosis-in-adults-management-pdf-66143828948677_chunk_0054; multiple-sclerosis-in-adults-management-pdf-66143828948677_chunk_0034; multiple-sclerosis-in-adults-management-pdf-66143828948677_chunk_0039; multiple-sclerosis-in-adults-management-pdf-66143828948677_chunk_0060,MS ile ilişkili yorgunluğun değerlendirilmesinde yorgunluğun her zaman MS kaynaklı olduğu varsayılmaması neden önemlidir?,Why is it important not to assume that fatigue in multiple sclerosis is always caused by the disease itself when evaluating fatigue in patients with multiple sclerosis?,Why is it important not to assume that fatigue in multiple sclerosis is always caused by the disease itself when evaluating fatigue in patients with multiple sclerosis?
NEW-019,Multiple Sclerosis,Dense-only,multiple-sclerosis-in-adults-management-pdf-66143828948677_chunk_0022,1,1,1,1.0,1.0,1.0,1.0,1.0,1.0,1.0,1.0,1851.0,True,multiple-sclerosis-in-adults-management-pdf-66143828948677_chunk_0022; multiple-sclerosis-in-adults-management-pdf-66143828948677_chunk_0023; multiple-sclerosis-in-adults-management-pdf-66143828948677_chunk_0059; multiple-sclerosis-in-adults-management-pdf-66143828948677_chunk_0004; multiple-sclerosis-in-adults-management-pdf-66143828948677_chunk_0061; multiple-sclerosis-in-adults-management-pdf-66143828948677_chunk_0060; multiple-sclerosis-in-adults-management-pdf-66143828948677_chunk_0051; multiple-sclerosis-in-adults-management-pdf-66143828948677_chunk_0050; 10_WHO_PIR_Annex_Module3_Evidence_Tables_chunk_0169; multiple-sclerosis-in-adults-management-pdf-66143828948677_chunk_0010,MS ile ilişkili yorgunluğun değerlendirilmesinde yorgunluğun her zaman MS kaynaklı olduğu varsayılmaması neden önemlidir?,Why is it important not to assume that fatigue in multiple sclerosis is always caused by the disease itself when evaluating fatigue in patients with multiple sclerosis?,Why is it important not to assume that fatigue in multiple sclerosis is always caused by the disease itself when evaluating fatigue in patients with multiple sclerosis?
NEW-019,Multiple Sclerosis,Dense+BM25 RRF,multiple-sclerosis-in-adults-management-pdf-66143828948677_chunk_0022,1,1,1,1.0,1.0,1.0,1.0,1.0,1.0,1.0,1.0,0.1,True,multiple-sclerosis-in-adults-management-pdf-66143828948677_chunk_0022; multiple-sclerosis-in-adults-management-pdf-66143828948677_chunk_0004; multiple-sclerosis-in-adults-management-pdf-66143828948677_chunk_0023; multiple-sclerosis-in-adults-management-pdf-66143828948677_chunk_0051; multiple-sclerosis-in-adults-management-pdf-66143828948677_chunk_0061; multiple-sclerosis-in-adults-management-pdf-66143828948677_chunk_0059; multiple-sclerosis-in-adults-management-pdf-66143828948677_chunk_0060; multiple-sclerosis-in-adults-management-pdf-66143828948677_chunk_0034; multiple-sclerosis-in-adults-management-pdf-66143828948677_chunk_0025; multiple-sclerosis-in-adults-management-pdf-66143828948677_chunk_0054,MS ile ilişkili yorgunluğun değerlendirilmesinde yorgunluğun her zaman MS kaynaklı olduğu varsayılmaması neden önemlidir?,Why is it important not to assume that fatigue in multiple sclerosis is always caused by the disease itself when evaluating fatigue in patients with multiple sclerosis?,Why is it important not to assume that fatigue in multiple sclerosis is always caused by the disease itself when evaluating fatigue in patients with multiple sclerosis?
NEW-019,Multiple Sclerosis,RRF+Reranker,multiple-sclerosis-in-adults-management-pdf-66143828948677_chunk_0022,1,1,1,1.0,1.0,1.0,1.0,1.0,1.0,1.0,1.0,4474.9,True,multiple-sclerosis-in-adults-management-pdf-66143828948677_chunk_0022; multiple-sclerosis-in-adults-management-pdf-66143828948677_chunk_0059; multiple-sclerosis-in-adults-management-pdf-66143828948677_chunk_0061; multiple-sclerosis-in-adults-management-pdf-66143828948677_chunk_0023; multiple-sclerosis-in-adults-management-pdf-66143828948677_chunk_0060; multiple-sclerosis-in-adults-management-pdf-66143828948677_chunk_0025; 10_WHO_PIR_Annex_Module3_Evidence_Tables_chunk_0169; multiple-sclerosis-in-adults-management-pdf-66143828948677_chunk_0058; multiple-sclerosis-in-adults-management-pdf-66143828948677_chunk_0026; stroke-rehabilitation-in-adults-pdf-66143899492549_chunk_0083,MS ile ilişkili yorgunluğun değerlendirilmesinde yorgunluğun her zaman MS kaynaklı olduğu varsayılmaması neden önemlidir?,Why is it important not to assume that fatigue in multiple sclerosis is always caused by the disease itself when evaluating fatigue in patients with multiple sclerosis?,Why is it important not to assume that fatigue in multiple sclerosis is always caused by the disease itself when evaluating fatigue in patients with multiple sclerosis?
NEW-020,Multiple Sclerosis,BM25-only,multiple-sclerosis-in-adults-management-pdf-66143828948677_chunk_0023,1,,,0.0,0.0,0.0,0.0,0.0,0.0,0.0,0.0,61.6,False,multiple-sclerosis-in-adults-management-pdf-66143828948677_chunk_0019; multiple-sclerosis-in-adults-management-pdf-66143828948677_chunk_0026; 03_WHO_PIR_Module3_Neurological_chunk_0481; 16_WHO_Physical_Activity_Guidelines_2020_chunk_0111; Physical Therapist Management of Parkinson Disease_chunk_0062; Physical Therapist Management of Parkinson Disease_chunk_0060; multiple-sclerosis-in-adults-management-pdf-66143828948677_chunk_0060; WHO guideline for non-surgical_chunk_0157; 02_WHO_PIR_Module2_Musculoskeletal_chunk_0237; 16_WHO_Physical_Activity_Guidelines_2020_chunk_0091,MS'ye bağlı yorgunlukta yararlı olabileceği belirtilen egzersiz türleri hangileridir?,Which types of exercise have been reported to be beneficial in fatigue associated with multiple sclerosis?,Which types of exercise have been reported to be beneficial in fatigue associated with multiple sclerosis? exercise exercise training exercise program
NEW-020,Multiple Sclerosis,Dense-only,multiple-sclerosis-in-adults-management-pdf-66143828948677_chunk_0023,1,1,1,1.0,1.0,1.0,1.0,1.0,1.0,1.0,1.0,2011.6,True,multiple-sclerosis-in-adults-management-pdf-66143828948677_chunk_0023; multiple-sclerosis-in-adults-management-pdf-66143828948677_chunk_0060; multiple-sclerosis-in-adults-management-pdf-66143828948677_chunk_0019; multiple-sclerosis-in-adults-management-pdf-66143828948677_chunk_0059; multiple-sclerosis-in-adults-management-pdf-66143828948677_chunk_0026; multiple-sclerosis-in-adults-management-pdf-66143828948677_chunk_0022; multiple-sclerosis-in-adults-management-pdf-66143828948677_chunk_0061; 02_WHO_PIR_Module2_Musculoskeletal_chunk_0084; 16_WHO_Physical_Activity_Guidelines_2020_chunk_0165; 10_WHO_PIR_Annex_Module3_Evidence_Tables_chunk_0171,MS'ye bağlı yorgunlukta yararlı olabileceği belirtilen egzersiz türleri hangileridir?,Which types of exercise have been reported to be beneficial in fatigue associated with multiple sclerosis?,Which types of exercise have been reported to be beneficial in fatigue associated with multiple sclerosis? exercise exercise training exercise program
NEW-020,Multiple Sclerosis,Dense+BM25 RRF,multiple-sclerosis-in-adults-management-pdf-66143828948677_chunk_0023,1,14,14,0.0,0.0,0.0,0.0,0.0,0.0714,0.0,0.0,0.3,True,multiple-sclerosis-in-adults-management-pdf-66143828948677_chunk_0019; multiple-sclerosis-in-adults-management-pdf-66143828948677_chunk_0026; multiple-sclerosis-in-adults-management-pdf-66143828948677_chunk_0060; 02_WHO_PIR_Module2_Musculoskeletal_chunk_0084; multiple-sclerosis-in-adults-management-pdf-66143828948677_chunk_0022; 10_WHO_PIR_Annex_Module3_Evidence_Tables_chunk_0171; 16_WHO_Physical_Activity_Guidelines_2020_chunk_0165; multiple-sclerosis-in-adults-management-pdf-66143828948677_chunk_0025; Physical Therapist Management of Parkinson Disease_chunk_0111; multiple-sclerosis-in-adults-management-pdf-66143828948677_chunk_0004,MS'ye bağlı yorgunlukta yararlı olabileceği belirtilen egzersiz türleri hangileridir?,Which types of exercise have been reported to be beneficial in fatigue associated with multiple sclerosis?,Which types of exercise have been reported to be beneficial in fatigue associated with multiple sclerosis? exercise exercise training exercise program
NEW-020,Multiple Sclerosis,RRF+Reranker,multiple-sclerosis-in-adults-management-pdf-66143828948677_chunk_0023,1,5,5,0.0,0.0,0.0,1.0,1.0,0.2,0.3869,0.3869,4795.7,True,multiple-sclerosis-in-adults-management-pdf-66143828948677_chunk_0059; multiple-sclerosis-in-adults-management-pdf-66143828948677_chunk_0022; multiple-sclerosis-in-adults-management-pdf-66143828948677_chunk_0026; 16_WHO_Physical_Activity_Guidelines_2020_chunk_0165; multiple-sclerosis-in-adults-management-pdf-66143828948677_chunk_0023; multiple-sclerosis-in-adults-management-pdf-66143828948677_chunk_0060; 10_WHO_PIR_Annex_Module3_Evidence_Tables_chunk_0171; Physical Therapist Management of Parkinson Disease_chunk_0060; WHO guideline for non-surgical_chunk_0161; 10_WHO_PIR_Annex_Module3_Evidence_Tables_chunk_0113,MS'ye bağlı yorgunlukta yararlı olabileceği belirtilen egzersiz türleri hangileridir?,Which types of exercise have been reported to be beneficial in fatigue associated with multiple sclerosis?,Which types of exercise have been reported to be beneficial in fatigue associated with multiple sclerosis? exercise exercise training exercise program
NEW-021,Multiple Sclerosis,BM25-only,multiple-sclerosis-in-adults-management-pdf-66143828948677_chunk_0023,1,2,2,0.0,0.0,1.0,1.0,1.0,0.5,0.6309,0.6309,98.4,True,multiple-sclerosis-in-adults-management-pdf-66143828948677_chunk_0060; multiple-sclerosis-in-adults-management-pdf-66143828948677_chunk_0023; multiple-sclerosis-in-adults-management-pdf-66143828948677_chunk_0026; multiple-sclerosis-in-adults-management-pdf-66143828948677_chunk_0059; multiple-sclerosis-in-adults-management-pdf-66143828948677_chunk_0022; 03_WHO_PIR_Module3_Neurological_chunk_0481; multiple-sclerosis-in-adults-management-pdf-66143828948677_chunk_0004; multiple-sclerosis-in-adults-management-pdf-66143828948677_chunk_0034; 09_WHO_PIR_Annex_Module2_Evidence_Tables_chunk_0093; 02_WHO_PIR_Module2_Musculoskeletal_chunk_0084,MS ve orta derecede bozulmuş mobilitesi olan kişilerde (EDSS ≥4) yorgunluk için hangi egzersiz ve davranışsal yaklaşım kombinasyonu düşünülebilir?,"In patients with multiple sclerosis and moderate disability (EDSS ≥4), what combination of exercise and behavioral approaches is considered for the management of fatigue?","In patients with multiple sclerosis and moderate disability (EDSS ≥4), what combination of exercise and behavioral approaches is considered for the management of fatigue? fatigue fatigue management exercise exercise training exercise program moderate moderate severity"
NEW-021,Multiple Sclerosis,Dense-only,multiple-sclerosis-in-adults-management-pdf-66143828948677_chunk_0023,1,1,1,1.0,1.0,1.0,1.0,1.0,1.0,1.0,1.0,2294.1,True,multiple-sclerosis-in-adults-management-pdf-66143828948677_chunk_0023; multiple-sclerosis-in-adults-management-pdf-66143828948677_chunk_0059; multiple-sclerosis-in-adults-management-pdf-66143828948677_chunk_0060; multiple-sclerosis-in-adults-management-pdf-66143828948677_chunk_0022; multiple-sclerosis-in-adults-management-pdf-66143828948677_chunk_0026; multiple-sclerosis-in-adults-management-pdf-66143828948677_chunk_0061; multiple-sclerosis-in-adults-management-pdf-66143828948677_chunk_0025; multiple-sclerosis-in-adults-management-pdf-66143828948677_chunk_0004; Physical Therapist Management of Parkinson Disease_chunk_0082; 02_WHO_PIR_Module2_Musculoskeletal_chunk_0086,MS ve orta derecede bozulmuş mobilitesi olan kişilerde (EDSS ≥4) yorgunluk için hangi egzersiz ve davranışsal yaklaşım kombinasyonu düşünülebilir?,"In patients with multiple sclerosis and moderate disability (EDSS ≥4), what combination of exercise and behavioral approaches is considered for the management of fatigue?","In patients with multiple sclerosis and moderate disability (EDSS ≥4), what combination of exercise and behavioral approaches is considered for the management of fatigue? fatigue fatigue management exercise exercise training exercise program moderate moderate severity"
NEW-021,Multiple Sclerosis,Dense+BM25 RRF,multiple-sclerosis-in-adults-management-pdf-66143828948677_chunk_0023,1,1,1,1.0,1.0,1.0,1.0,1.0,1.0,1.0,1.0,0.1,True,multiple-sclerosis-in-adults-management-pdf-66143828948677_chunk_0023; multiple-sclerosis-in-adults-management-pdf-66143828948677_chunk_0060; multiple-sclerosis-in-adults-management-pdf-66143828948677_chunk_0059; multiple-sclerosis-in-adults-management-pdf-66143828948677_chunk_0026; multiple-sclerosis-in-adults-management-pdf-66143828948677_chunk_0022; multiple-sclerosis-in-adults-management-pdf-66143828948677_chunk_0004; multiple-sclerosis-in-adults-management-pdf-66143828948677_chunk_0025; 10_WHO_PIR_Annex_Module3_Evidence_Tables_chunk_0171; 02_WHO_PIR_Module2_Musculoskeletal_chunk_0084; multiple-sclerosis-in-adults-management-pdf-66143828948677_chunk_0034,MS ve orta derecede bozulmuş mobilitesi olan kişilerde (EDSS ≥4) yorgunluk için hangi egzersiz ve davranışsal yaklaşım kombinasyonu düşünülebilir?,"In patients with multiple sclerosis and moderate disability (EDSS ≥4), what combination of exercise and behavioral approaches is considered for the management of fatigue?","In patients with multiple sclerosis and moderate disability (EDSS ≥4), what combination of exercise and behavioral approaches is considered for the management of fatigue? fatigue fatigue management exercise exercise training exercise program moderate moderate severity"
NEW-021,Multiple Sclerosis,RRF+Reranker,multiple-sclerosis-in-adults-management-pdf-66143828948677_chunk_0023,1,2,2,0.0,0.0,1.0,1.0,1.0,0.5,0.6309,0.6309,4262.2,True,multiple-sclerosis-in-adults-management-pdf-66143828948677_chunk_0059; multiple-sclerosis-in-adults-management-pdf-66143828948677_chunk_0023; multiple-sclerosis-in-adults-management-pdf-66143828948677_chunk_0022; multiple-sclerosis-in-adults-management-pdf-66143828948677_chunk_0026; multiple-sclerosis-in-adults-management-pdf-66143828948677_chunk_0060; 10_WHO_PIR_Annex_Module3_Evidence_Tables_chunk_0170; 10_WHO_PIR_Annex_Module3_Evidence_Tables_chunk_0171; Physical Therapist Management of Parkinson Disease_chunk_0082; multiple-sclerosis-in-adults-management-pdf-66143828948677_chunk_0025; 16_WHO_Physical_Activity_Guidelines_2020_chunk_0165,MS ve orta derecede bozulmuş mobilitesi olan kişilerde (EDSS ≥4) yorgunluk için hangi egzersiz ve davranışsal yaklaşım kombinasyonu düşünülebilir?,"In patients with multiple sclerosis and moderate disability (EDSS ≥4), what combination of exercise and behavioral approaches is considered for the management of fatigue?","In patients with multiple sclerosis and moderate disability (EDSS ≥4), what combination of exercise and behavioral approaches is considered for the management of fatigue? fatigue fatigue management exercise exercise training exercise program moderate moderate severity"
NEW-022,Developmental Coordination Disorder,BM25-only,physical-therapy-management-of-children-with-developmental_chunk_0027,1,,,0.0,0.0,0.0,0.0,0.0,0.0,0.0,0.0,148.2,False,physical-therapy-management-of-children-with-developmental_chunk_0016; physical-therapy-management-of-children-with-developmental_chunk_0005; physical-therapy-management-of-children-with-developmental_chunk_0105; physical-therapy-management-of-children-with-developmental_chunk_0110; physical-therapy-management-of-children-with-developmental_chunk_0031; physical-therapy-management-of-children-with-developmental_chunk_0109; physical-therapy-management-of-children-with-developmental_chunk_0133; physical-therapy-management-of-children-with-developmental_chunk_0032; physical-therapy-management-of-children-with-developmental_chunk_0010; physical-therapy-management-of-children-with-developmental_chunk_0102,DCD riski olan veya DCD tanısı bulunan çocuklarda task-oriented müdahaleler hangi temel ilkeye göre uygulanmalıdır?,"In children with developmental coordination disorder or at risk for developmental coordination disorder, which fundamental principles should guide the application of task-oriented interventions?","In children with developmental coordination disorder or at risk for developmental coordination disorder, which fundamental principles should guide the application of task-oriented interventions? children pediatric paediatric developmental coordination disorder DCD"
NEW-022,Developmental Coordination Disorder,Dense-only,physical-therapy-management-of-children-with-developmental_chunk_0027,1,20,20,0.0,0.0,0.0,0.0,0.0,0.05,0.0,0.0,2515.2,True,physical-therapy-management-of-children-with-developmental_chunk_0076; physical-therapy-management-of-children-with-developmental_chunk_0016; physical-therapy-management-of-children-with-developmental_chunk_0079; physical-therapy-management-of-children-with-developmental_chunk_0105; physical-therapy-management-of-children-with-developmental_chunk_0131; physical-therapy-management-of-children-with-developmental_chunk_0104; physical-therapy-management-of-children-with-developmental_chunk_0077; physical-therapy-management-of-children-with-developmental_chunk_0102; physical-therapy-management-of-children-with-developmental_chunk_0099; physical-therapy-management-of-children-with-developmental_chunk_0005,DCD riski olan veya DCD tanısı bulunan çocuklarda task-oriented müdahaleler hangi temel ilkeye göre uygulanmalıdır?,"In children with developmental coordination disorder or at risk for developmental coordination disorder, which fundamental principles should guide the application of task-oriented interventions?","In children with developmental coordination disorder or at risk for developmental coordination disorder, which fundamental principles should guide the application of task-oriented interventions? children pediatric paediatric developmental coordination disorder DCD"
NEW-022,Developmental Coordination Disorder,Dense+BM25 RRF,physical-therapy-management-of-children-with-developmental_chunk_0027,1,,,0.0,0.0,0.0,0.0,0.0,0.0,0.0,0.0,0.2,False,physical-therapy-management-of-children-with-developmental_chunk_0016; physical-therapy-management-of-children-with-developmental_chunk_0105; physical-therapy-management-of-children-with-developmental_chunk_0005; physical-therapy-management-of-children-with-developmental_chunk_0131; physical-therapy-management-of-children-with-developmental_chunk_0102; physical-therapy-management-of-children-with-developmental_chunk_0109; physical-therapy-management-of-children-with-developmental_chunk_0032; physical-therapy-management-of-children-with-developmental_chunk_0110; physical-therapy-management-of-children-with-developmental_chunk_0094; physical-therapy-management-of-children-with-developmental_chunk_0099,DCD riski olan veya DCD tanısı bulunan çocuklarda task-oriented müdahaleler hangi temel ilkeye göre uygulanmalıdır?,"In children with developmental coordination disorder or at risk for developmental coordination disorder, which fundamental principles should guide the application of task-oriented interventions?","In children with developmental coordination disorder or at risk for developmental coordination disorder, which fundamental principles should guide the application of task-oriented interventions? children pediatric paediatric developmental coordination disorder DCD"
NEW-022,Developmental Coordination Disorder,RRF+Reranker,physical-therapy-management-of-children-with-developmental_chunk_0027,1,,,0.0,0.0,0.0,0.0,0.0,0.0,0.0,0.0,4640.8,False,physical-therapy-management-of-children-with-developmental_chunk_0076; physical-therapy-management-of-children-with-developmental_chunk_0005; physical-therapy-management-of-children-with-developmental_chunk_0079; physical-therapy-management-of-children-with-developmental_chunk_0004; physical-therapy-management-of-children-with-developmental_chunk_0053; physical-therapy-management-of-children-with-developmental_chunk_0031; physical-therapy-management-of-children-with-developmental_chunk_0110; physical-therapy-management-of-children-with-developmental_chunk_0016; physical-therapy-management-of-children-with-developmental_chunk_0032; physical-therapy-management-of-children-with-developmental_chunk_0034,DCD riski olan veya DCD tanısı bulunan çocuklarda task-oriented müdahaleler hangi temel ilkeye göre uygulanmalıdır?,"In children with developmental coordination disorder or at risk for developmental coordination disorder, which fundamental principles should guide the application of task-oriented interventions?","In children with developmental coordination disorder or at risk for developmental coordination disorder, which fundamental principles should guide the application of task-oriented interventions? children pediatric paediatric developmental coordination disorder DCD"
NEW-023,Developmental Coordination Disorder,BM25-only,physical-therapy-management-of-children-with-developmental_chunk_0029,1,24,24,0.0,0.0,0.0,0.0,0.0,0.0417,0.0,0.0,107.5,True,physical-therapy-management-of-children-with-developmental_chunk_0106; physical-therapy-management-of-children-with-developmental_chunk_0005; physical-therapy-management-of-children-with-developmental_chunk_0064; physical-therapy-management-of-children-with-developmental_chunk_0053; physical-therapy-management-of-children-with-developmental_chunk_0004; physical-therapy-management-of-children-with-developmental_chunk_0026; physical-therapy-management-of-children-with-developmental_chunk_0094; physical-therapy-management-of-children-with-developmental_chunk_0131; physical-therapy-management-of-children-with-developmental_chunk_0032; physical-therapy-management-of-children-with-developmental_chunk_0099,DCD değerlendirmesinde aktivite sınırlılıkları ve fiziksel performans incelenirken hangi değerlendirme alanlarından en az ikisi açıkça önerilmektedir?,"In the assessment of developmental coordination disorder, when evaluating activity limitations and physical performance, which two domains of assessment are explicitly recommended? physical assessment physical activity","In the assessment of developmental coordination disorder, when evaluating activity limitations and physical performance, which two domains of assessment are explicitly recommended? physical assessment physical activity physical assessment physical examination physical activity physical activity training assessment evaluation examination performance physical performance activity functional activity developmental coordination disorder DCD"
NEW-023,Developmental Coordination Disorder,Dense-only,physical-therapy-management-of-children-with-developmental_chunk_0029,1,28,28,0.0,0.0,0.0,0.0,0.0,0.0357,0.0,0.0,3250.7,True,physical-therapy-management-of-children-with-developmental_chunk_0114; physical-therapy-management-of-children-with-developmental_chunk_0110; physical-therapy-management-of-children-with-developmental_chunk_0094; physical-therapy-management-of-children-with-developmental_chunk_0099; physical-therapy-management-of-children-with-developmental_chunk_0016; physical-therapy-management-of-children-with-developmental_chunk_0053; physical-therapy-management-of-children-with-developmental_chunk_0051; physical-therapy-management-of-children-with-developmental_chunk_0062; physical-therapy-management-of-children-with-developmental_chunk_0095; physical-therapy-management-of-children-with-developmental_chunk_0116,DCD değerlendirmesinde aktivite sınırlılıkları ve fiziksel performans incelenirken hangi değerlendirme alanlarından en az ikisi açıkça önerilmektedir?,"In the assessment of developmental coordination disorder, when evaluating activity limitations and physical performance, which two domains of assessment are explicitly recommended? physical assessment physical activity","In the assessment of developmental coordination disorder, when evaluating activity limitations and physical performance, which two domains of assessment are explicitly recommended? physical assessment physical activity physical assessment physical examination physical activity physical activity training assessment evaluation examination performance physical performance activity functional activity developmental coordination disorder DCD"
NEW-023,Developmental Coordination Disorder,Dense+BM25 RRF,physical-therapy-management-of-children-with-developmental_chunk_0029,1,19,19,0.0,0.0,0.0,0.0,0.0,0.0526,0.0,0.0,1.6,True,physical-therapy-management-of-children-with-developmental_chunk_0094; physical-therapy-management-of-children-with-developmental_chunk_0053; physical-therapy-management-of-children-with-developmental_chunk_0114; physical-therapy-management-of-children-with-developmental_chunk_0099; physical-therapy-management-of-children-with-developmental_chunk_0110; physical-therapy-management-of-children-with-developmental_chunk_0032; physical-therapy-management-of-children-with-developmental_chunk_0026; physical-therapy-management-of-children-with-developmental_chunk_0005; physical-therapy-management-of-children-with-developmental_chunk_0062; physical-therapy-management-of-children-with-developmental_chunk_0106,DCD değerlendirmesinde aktivite sınırlılıkları ve fiziksel performans incelenirken hangi değerlendirme alanlarından en az ikisi açıkça önerilmektedir?,"In the assessment of developmental coordination disorder, when evaluating activity limitations and physical performance, which two domains of assessment are explicitly recommended? physical assessment physical activity","In the assessment of developmental coordination disorder, when evaluating activity limitations and physical performance, which two domains of assessment are explicitly recommended? physical assessment physical activity physical assessment physical examination physical activity physical activity training assessment evaluation examination performance physical performance activity functional activity developmental coordination disorder DCD"
NEW-023,Developmental Coordination Disorder,RRF+Reranker,physical-therapy-management-of-children-with-developmental_chunk_0029,1,6,6,0.0,0.0,0.0,0.0,1.0,0.1667,0.0,0.3562,4607.8,True,physical-therapy-management-of-children-with-developmental_chunk_0062; physical-therapy-management-of-children-with-developmental_chunk_0053; physical-therapy-management-of-children-with-developmental_chunk_0026; physical-therapy-management-of-children-with-developmental_chunk_0064; physical-therapy-management-of-children-with-developmental_chunk_0069; physical-therapy-management-of-children-with-developmental_chunk_0029; physical-therapy-management-of-children-with-developmental_chunk_0004; physical-therapy-management-of-children-with-developmental_chunk_0005; physical-therapy-management-of-children-with-developmental_chunk_0052; physical-therapy-management-of-children-with-developmental_chunk_0049,DCD değerlendirmesinde aktivite sınırlılıkları ve fiziksel performans incelenirken hangi değerlendirme alanlarından en az ikisi açıkça önerilmektedir?,"In the assessment of developmental coordination disorder, when evaluating activity limitations and physical performance, which two domains of assessment are explicitly recommended? physical assessment physical activity","In the assessment of developmental coordination disorder, when evaluating activity limitations and physical performance, which two domains of assessment are explicitly recommended? physical assessment physical activity physical assessment physical examination physical activity physical activity training assessment evaluation examination performance physical performance activity functional activity developmental coordination disorder DCD"
NEW-024,Developmental Coordination Disorder,BM25-only,physical-therapy-management-of-children-with-developmental_chunk_0054,1,4,4,0.0,0.0,0.0,1.0,1.0,0.25,0.4307,0.4307,70.3,True,physical-therapy-management-of-children-with-developmental_chunk_0056; physical-therapy-management-of-children-with-developmental_chunk_0049; physical-therapy-management-of-children-with-developmental_chunk_0010; physical-therapy-management-of-children-with-developmental_chunk_0054; physical-therapy-management-of-children-with-developmental_chunk_0051; physical-therapy-management-of-children-with-developmental_chunk_0094; physical-therapy-management-of-children-with-developmental_chunk_0031; physical-therapy-management-of-children-with-developmental_chunk_0055; physical-therapy-management-of-children-with-developmental_chunk_0026; physical-therapy-management-of-children-with-developmental_chunk_0004,DCD için formal tanıya yönlendirmede DSM-5-TR kriterlerini desteklemek üzere motor performans eksiklikleri için hangi araç önerilmektedir?,What is the recommended tool for assessing motor performance deficits to support DSM-5-TR criteria in the formal diagnostic assessment of developmental coordination disorder?,What is the recommended tool for assessing motor performance deficits to support DSM-5-TR criteria in the formal diagnostic assessment of developmental coordination disorder? motor performance performance physical performance diagnosis diagnostic assessment developmental coordination disorder DCD
NEW-024,Developmental Coordination Disorder,Dense-only,physical-therapy-management-of-children-with-developmental_chunk_0054,1,1,1,1.0,1.0,1.0,1.0,1.0,1.0,1.0,1.0,1842.5,True,physical-therapy-management-of-children-with-developmental_chunk_0054; physical-therapy-management-of-children-with-developmental_chunk_0051; physical-therapy-management-of-children-with-developmental_chunk_0056; physical-therapy-management-of-children-with-developmental_chunk_0057; physical-therapy-management-of-children-with-developmental_chunk_0058; physical-therapy-management-of-children-with-developmental_chunk_0049; physical-therapy-management-of-children-with-developmental_chunk_0124; physical-therapy-management-of-children-with-developmental_chunk_0095; physical-therapy-management-of-children-with-developmental_chunk_0048; physical-therapy-management-of-children-with-developmental_chunk_0101,DCD için formal tanıya yönlendirmede DSM-5-TR kriterlerini desteklemek üzere motor performans eksiklikleri için hangi araç önerilmektedir?,What is the recommended tool for assessing motor performance deficits to support DSM-5-TR criteria in the formal diagnostic assessment of developmental coordination disorder?,What is the recommended tool for assessing motor performance deficits to support DSM-5-TR criteria in the formal diagnostic assessment of developmental coordination disorder? motor performance performance physical performance diagnosis diagnostic assessment developmental coordination disorder DCD
NEW-024,Developmental Coordination Disorder,Dense+BM25 RRF,physical-therapy-management-of-children-with-developmental_chunk_0054,1,2,2,0.0,0.0,1.0,1.0,1.0,0.5,0.6309,0.6309,0.2,True,physical-therapy-management-of-children-with-developmental_chunk_0056; physical-therapy-management-of-children-with-developmental_chunk_0054; physical-therapy-management-of-children-with-developmental_chunk_0051; physical-therapy-management-of-children-with-developmental_chunk_0049; physical-therapy-management-of-children-with-developmental_chunk_0026; physical-therapy-management-of-children-with-developmental_chunk_0095; physical-therapy-management-of-children-with-developmental_chunk_0058; physical-therapy-management-of-children-with-developmental_chunk_0010; physical-therapy-management-of-children-with-developmental_chunk_0057; physical-therapy-management-of-children-with-developmental_chunk_0059,DCD için formal tanıya yönlendirmede DSM-5-TR kriterlerini desteklemek üzere motor performans eksiklikleri için hangi araç önerilmektedir?,What is the recommended tool for assessing motor performance deficits to support DSM-5-TR criteria in the formal diagnostic assessment of developmental coordination disorder?,What is the recommended tool for assessing motor performance deficits to support DSM-5-TR criteria in the formal diagnostic assessment of developmental coordination disorder? motor performance performance physical performance diagnosis diagnostic assessment developmental coordination disorder DCD
NEW-024,Developmental Coordination Disorder,RRF+Reranker,physical-therapy-management-of-children-with-developmental_chunk_0054,1,1,1,1.0,1.0,1.0,1.0,1.0,1.0,1.0,1.0,4275.3,True,physical-therapy-management-of-children-with-developmental_chunk_0054; physical-therapy-management-of-children-with-developmental_chunk_0066; physical-therapy-management-of-children-with-developmental_chunk_0057; physical-therapy-management-of-children-with-developmental_chunk_0026; physical-therapy-management-of-children-with-developmental_chunk_0058; physical-therapy-management-of-children-with-developmental_chunk_0049; physical-therapy-management-of-children-with-developmental_chunk_0059; physical-therapy-management-of-children-with-developmental_chunk_0056; physical-therapy-management-of-children-with-developmental_chunk_0094; physical-therapy-management-of-children-with-developmental_chunk_0051,DCD için formal tanıya yönlendirmede DSM-5-TR kriterlerini desteklemek üzere motor performans eksiklikleri için hangi araç önerilmektedir?,What is the recommended tool for assessing motor performance deficits to support DSM-5-TR criteria in the formal diagnostic assessment of developmental coordination disorder?,What is the recommended tool for assessing motor performance deficits to support DSM-5-TR criteria in the formal diagnostic assessment of developmental coordination disorder? motor performance performance physical performance diagnosis diagnostic assessment developmental coordination disorder DCD
NEW-025,Developmental Coordination Disorder,BM25-only,physical-therapy-management-of-children-with-developmental_chunk_0085,1,,,0.0,0.0,0.0,0.0,0.0,0.0,0.0,0.0,77.8,False,physical-therapy-management-of-children-with-developmental_chunk_0008; physical-therapy-management-of-children-with-developmental_chunk_0004; physical-therapy-management-of-children-with-developmental_chunk_0025; physical-therapy-management-of-children-with-developmental_chunk_0099; physical-therapy-management-of-children-with-developmental_chunk_0005; physical-therapy-management-of-children-with-developmental_chunk_0014; physical-therapy-management-of-children-with-developmental_chunk_0094; physical-therapy-management-of-children-with-developmental_chunk_0032; physical-therapy-management-of-children-with-developmental_chunk_0007; physical-therapy-management-of-children-with-developmental_chunk_0031,DCD müdahale dozajı konusunda kılavuz tek bir kesin reçete vermek yerine hangi genel uygulama yaklaşımını desteklemektedir?,What general approach to intervention delivery does the guideline support in terms of dosage for developmental coordination disorder? practice guideline,What general approach to intervention delivery does the guideline support in terms of dosage for developmental coordination disorder? practice guideline practice guideline clinical practice guideline intervention therapeutic intervention application delivery guideline clinical guideline dosage dose developmental coordination disorder DCD
NEW-025,Developmental Coordination Disorder,Dense-only,physical-therapy-management-of-children-with-developmental_chunk_0085,1,,,0.0,0.0,0.0,0.0,0.0,0.0,0.0,0.0,1458.2,False,physical-therapy-management-of-children-with-developmental_chunk_0008; physical-therapy-management-of-children-with-developmental_chunk_0007; physical-therapy-management-of-children-with-developmental_chunk_0014; physical-therapy-management-of-children-with-developmental_chunk_0005; physical-therapy-management-of-children-with-developmental_chunk_0099; physical-therapy-management-of-children-with-developmental_chunk_0104; physical-therapy-management-of-children-with-developmental_chunk_0094; physical-therapy-management-of-children-with-developmental_chunk_0016; physical-therapy-management-of-children-with-developmental_chunk_0025; physical-therapy-management-of-children-with-developmental_chunk_0004,DCD müdahale dozajı konusunda kılavuz tek bir kesin reçete vermek yerine hangi genel uygulama yaklaşımını desteklemektedir?,What general approach to intervention delivery does the guideline support in terms of dosage for developmental coordination disorder? practice guideline,What general approach to intervention delivery does the guideline support in terms of dosage for developmental coordination disorder? practice guideline practice guideline clinical practice guideline intervention therapeutic intervention application delivery guideline clinical guideline dosage dose developmental coordination disorder DCD
NEW-025,Developmental Coordination Disorder,Dense+BM25 RRF,physical-therapy-management-of-children-with-developmental_chunk_0085,1,,,0.0,0.0,0.0,0.0,0.0,0.0,0.0,0.0,0.2,False,physical-therapy-management-of-children-with-developmental_chunk_0008; physical-therapy-management-of-children-with-developmental_chunk_0014; physical-therapy-management-of-children-with-developmental_chunk_0005; physical-therapy-management-of-children-with-developmental_chunk_0099; physical-therapy-management-of-children-with-developmental_chunk_0007; physical-therapy-management-of-children-with-developmental_chunk_0004; physical-therapy-management-of-children-with-developmental_chunk_0025; physical-therapy-management-of-children-with-developmental_chunk_0094; physical-therapy-management-of-children-with-developmental_chunk_0032; physical-therapy-management-of-children-with-developmental_chunk_0096,DCD müdahale dozajı konusunda kılavuz tek bir kesin reçete vermek yerine hangi genel uygulama yaklaşımını desteklemektedir?,What general approach to intervention delivery does the guideline support in terms of dosage for developmental coordination disorder? practice guideline,What general approach to intervention delivery does the guideline support in terms of dosage for developmental coordination disorder? practice guideline practice guideline clinical practice guideline intervention therapeutic intervention application delivery guideline clinical guideline dosage dose developmental coordination disorder DCD
NEW-025,Developmental Coordination Disorder,RRF+Reranker,physical-therapy-management-of-children-with-developmental_chunk_0085,1,,,0.0,0.0,0.0,0.0,0.0,0.0,0.0,0.0,4333.5,False,physical-therapy-management-of-children-with-developmental_chunk_0004; physical-therapy-management-of-children-with-developmental_chunk_0005; physical-therapy-management-of-children-with-developmental_chunk_0032; physical-therapy-management-of-children-with-developmental_chunk_0094; physical-therapy-management-of-children-with-developmental_chunk_0099; physical-therapy-management-of-children-with-developmental_chunk_0002; physical-therapy-management-of-children-with-developmental_chunk_0036; physical-therapy-management-of-children-with-developmental_chunk_0034; physical-therapy-management-of-children-with-developmental_chunk_0133; physical-therapy-management-of-children-with-developmental_chunk_0096,DCD müdahale dozajı konusunda kılavuz tek bir kesin reçete vermek yerine hangi genel uygulama yaklaşımını desteklemektedir?,What general approach to intervention delivery does the guideline support in terms of dosage for developmental coordination disorder? practice guideline,What general approach to intervention delivery does the guideline support in terms of dosage for developmental coordination disorder? practice guideline practice guideline clinical practice guideline intervention therapeutic intervention application delivery guideline clinical guideline dosage dose developmental coordination disorder DCD
NEW-026,Physical Activity – Children,BM25-only,16_WHO_Physical_Activity_Guidelines_2020_chunk_0020,1,1,1,1.0,1.0,1.0,1.0,1.0,1.0,1.0,1.0,88.5,True,16_WHO_Physical_Activity_Guidelines_2020_chunk_0020; 16_WHO_Physical_Activity_Guidelines_2020_chunk_0157; 16_WHO_Physical_Activity_Guidelines_2020_chunk_0003; 16_WHO_Physical_Activity_Guidelines_2020_chunk_0067; 16_WHO_Physical_Activity_Guidelines_2020_chunk_0159; 16_WHO_Physical_Activity_Guidelines_2020_chunk_0066; physical-therapy-management-of-children-with-developmental_chunk_0089; 16_WHO_Physical_Activity_Guidelines_2020_chunk_0162; physical-therapy-management-of-children-with-developmental_chunk_0091; 16_WHO_Physical_Activity_Guidelines_2020_chunk_0084,WHO'ya göre 5–17 yaş çocuk ve ergenlerde haftalık fiziksel aktivite için temel günlük hedef nedir?,"According to WHO, what is the recommended daily physical activity goal for children and adolescents aged 5–17 years? age","According to WHO, what is the recommended daily physical activity goal for children and adolescents aged 5–17 years? age physical activity physical activity training activity functional activity goal goals treatment goals child children pediatric paediatric age age group"
NEW-026,Physical Activity – Children,Dense-only,16_WHO_Physical_Activity_Guidelines_2020_chunk_0020,1,1,1,1.0,1.0,1.0,1.0,1.0,1.0,1.0,1.0,1380.5,True,16_WHO_Physical_Activity_Guidelines_2020_chunk_0020; 16_WHO_Physical_Activity_Guidelines_2020_chunk_0063; 16_WHO_Physical_Activity_Guidelines_2020_chunk_0197; 16_WHO_Physical_Activity_Guidelines_2020_chunk_0085; 16_WHO_Physical_Activity_Guidelines_2020_chunk_0084; 16_WHO_Physical_Activity_Guidelines_2020_chunk_0090; 16_WHO_Physical_Activity_Guidelines_2020_chunk_0003; 16_WHO_Physical_Activity_Guidelines_2020_chunk_0017; 16_WHO_Physical_Activity_Guidelines_2020_chunk_0066; 16_WHO_Physical_Activity_Guidelines_2020_chunk_0083,WHO'ya göre 5–17 yaş çocuk ve ergenlerde haftalık fiziksel aktivite için temel günlük hedef nedir?,"According to WHO, what is the recommended daily physical activity goal for children and adolescents aged 5–17 years? age","According to WHO, what is the recommended daily physical activity goal for children and adolescents aged 5–17 years? age physical activity physical activity training activity functional activity goal goals treatment goals child children pediatric paediatric age age group"
NEW-026,Physical Activity – Children,Dense+BM25 RRF,16_WHO_Physical_Activity_Guidelines_2020_chunk_0020,1,1,1,1.0,1.0,1.0,1.0,1.0,1.0,1.0,1.0,0.1,True,16_WHO_Physical_Activity_Guidelines_2020_chunk_0020; 16_WHO_Physical_Activity_Guidelines_2020_chunk_0003; 16_WHO_Physical_Activity_Guidelines_2020_chunk_0084; 16_WHO_Physical_Activity_Guidelines_2020_chunk_0066; 16_WHO_Physical_Activity_Guidelines_2020_chunk_0159; 16_WHO_Physical_Activity_Guidelines_2020_chunk_0197; 16_WHO_Physical_Activity_Guidelines_2020_chunk_0157; 16_WHO_Physical_Activity_Guidelines_2020_chunk_0090; 16_WHO_Physical_Activity_Guidelines_2020_chunk_0063; 16_WHO_Physical_Activity_Guidelines_2020_chunk_0083,WHO'ya göre 5–17 yaş çocuk ve ergenlerde haftalık fiziksel aktivite için temel günlük hedef nedir?,"According to WHO, what is the recommended daily physical activity goal for children and adolescents aged 5–17 years? age","According to WHO, what is the recommended daily physical activity goal for children and adolescents aged 5–17 years? age physical activity physical activity training activity functional activity goal goals treatment goals child children pediatric paediatric age age group"
NEW-026,Physical Activity – Children,RRF+Reranker,16_WHO_Physical_Activity_Guidelines_2020_chunk_0020,1,1,1,1.0,1.0,1.0,1.0,1.0,1.0,1.0,1.0,3732.7,True,16_WHO_Physical_Activity_Guidelines_2020_chunk_0020; 16_WHO_Physical_Activity_Guidelines_2020_chunk_0157; 16_WHO_Physical_Activity_Guidelines_2020_chunk_0159; 16_WHO_Physical_Activity_Guidelines_2020_chunk_0086; 16_WHO_Physical_Activity_Guidelines_2020_chunk_0003; 16_WHO_Physical_Activity_Guidelines_2020_chunk_0067; 16_WHO_Physical_Activity_Guidelines_2020_chunk_0090; 16_WHO_Physical_Activity_Guidelines_2020_chunk_0049; 16_WHO_Physical_Activity_Guidelines_2020_chunk_0202; 16_WHO_Physical_Activity_Guidelines_2020_chunk_0091,WHO'ya göre 5–17 yaş çocuk ve ergenlerde haftalık fiziksel aktivite için temel günlük hedef nedir?,"According to WHO, what is the recommended daily physical activity goal for children and adolescents aged 5–17 years? age","According to WHO, what is the recommended daily physical activity goal for children and adolescents aged 5–17 years? age physical activity physical activity training activity functional activity goal goals treatment goals child children pediatric paediatric age age group"
NEW-027,Physical Activity – Children,BM25-only,16_WHO_Physical_Activity_Guidelines_2020_chunk_0021,1,6,6,0.0,0.0,0.0,0.0,1.0,0.1667,0.0,0.3562,48.9,True,16_WHO_Physical_Activity_Guidelines_2020_chunk_0166; 16_WHO_Physical_Activity_Guidelines_2020_chunk_0093; 16_WHO_Physical_Activity_Guidelines_2020_chunk_0003; 16_WHO_Physical_Activity_Guidelines_2020_chunk_0168; 16_WHO_Physical_Activity_Guidelines_2020_chunk_0052; 16_WHO_Physical_Activity_Guidelines_2020_chunk_0021; 16_WHO_Physical_Activity_Guidelines_2020_chunk_0049; VADOD-2024-Stroke-Rehab-CPG-Full-CPG_final_508_chunk_0484; 16_WHO_Physical_Activity_Guidelines_2020_chunk_0209; 16_WHO_Physical_Activity_Guidelines_2020_chunk_0020,WHO'ya göre çocuk ve ergenlerde sedanter davranış açısından temel öneri nedir?,What is the recommended approach for children and adolescents regarding sedentary behavior according to WHO? recommendation,What is the recommended approach for children and adolescents regarding sedentary behavior according to WHO? recommendation recommendation recommendations child children pediatric paediatric
NEW-027,Physical Activity – Children,Dense-only,16_WHO_Physical_Activity_Guidelines_2020_chunk_0021,1,11,11,0.0,0.0,0.0,0.0,0.0,0.0909,0.0,0.0,1482.3,True,16_WHO_Physical_Activity_Guidelines_2020_chunk_0093; 16_WHO_Physical_Activity_Guidelines_2020_chunk_0063; 16_WHO_Physical_Activity_Guidelines_2020_chunk_0052; 16_WHO_Physical_Activity_Guidelines_2020_chunk_0017; 16_WHO_Physical_Activity_Guidelines_2020_chunk_0003; 16_WHO_Physical_Activity_Guidelines_2020_chunk_0168; 16_WHO_Physical_Activity_Guidelines_2020_chunk_0197; 16_WHO_Physical_Activity_Guidelines_2020_chunk_0166; 16_WHO_Physical_Activity_Guidelines_2020_chunk_0156; 16_WHO_Physical_Activity_Guidelines_2020_chunk_0026,WHO'ya göre çocuk ve ergenlerde sedanter davranış açısından temel öneri nedir?,What is the recommended approach for children and adolescents regarding sedentary behavior according to WHO? recommendation,What is the recommended approach for children and adolescents regarding sedentary behavior according to WHO? recommendation recommendation recommendations child children pediatric paediatric
NEW-027,Physical Activity – Children,Dense+BM25 RRF,16_WHO_Physical_Activity_Guidelines_2020_chunk_0021,1,6,6,0.0,0.0,0.0,0.0,1.0,0.1667,0.0,0.3562,0.1,True,16_WHO_Physical_Activity_Guidelines_2020_chunk_0093; 16_WHO_Physical_Activity_Guidelines_2020_chunk_0052; 16_WHO_Physical_Activity_Guidelines_2020_chunk_0003; 16_WHO_Physical_Activity_Guidelines_2020_chunk_0166; 16_WHO_Physical_Activity_Guidelines_2020_chunk_0168; 16_WHO_Physical_Activity_Guidelines_2020_chunk_0021; 16_WHO_Physical_Activity_Guidelines_2020_chunk_0020; 16_WHO_Physical_Activity_Guidelines_2020_chunk_0209; 16_WHO_Physical_Activity_Guidelines_2020_chunk_0178; 16_WHO_Physical_Activity_Guidelines_2020_chunk_0167,WHO'ya göre çocuk ve ergenlerde sedanter davranış açısından temel öneri nedir?,What is the recommended approach for children and adolescents regarding sedentary behavior according to WHO? recommendation,What is the recommended approach for children and adolescents regarding sedentary behavior according to WHO? recommendation recommendation recommendations child children pediatric paediatric
NEW-027,Physical Activity – Children,RRF+Reranker,16_WHO_Physical_Activity_Guidelines_2020_chunk_0021,1,5,5,0.0,0.0,0.0,1.0,1.0,0.2,0.3869,0.3869,4220.2,True,16_WHO_Physical_Activity_Guidelines_2020_chunk_0093; 16_WHO_Physical_Activity_Guidelines_2020_chunk_0017; 16_WHO_Physical_Activity_Guidelines_2020_chunk_0166; 16_WHO_Physical_Activity_Guidelines_2020_chunk_0052; 16_WHO_Physical_Activity_Guidelines_2020_chunk_0021; 16_WHO_Physical_Activity_Guidelines_2020_chunk_0049; 16_WHO_Physical_Activity_Guidelines_2020_chunk_0168; 16_WHO_Physical_Activity_Guidelines_2020_chunk_0066; 16_WHO_Physical_Activity_Guidelines_2020_chunk_0083; 16_WHO_Physical_Activity_Guidelines_2020_chunk_0074,WHO'ya göre çocuk ve ergenlerde sedanter davranış açısından temel öneri nedir?,What is the recommended approach for children and adolescents regarding sedentary behavior according to WHO? recommendation,What is the recommended approach for children and adolescents regarding sedentary behavior according to WHO? recommendation recommendation recommendations child children pediatric paediatric
NEW-028,Physical Activity – Adults,BM25-only,16_WHO_Physical_Activity_Guidelines_2020_chunk_0099,1,18,18,0.0,0.0,0.0,0.0,0.0,0.0556,0.0,0.0,61.2,True,16_WHO_Physical_Activity_Guidelines_2020_chunk_0020; 16_WHO_Physical_Activity_Guidelines_2020_chunk_0141; WHO guideline for non-surgical_chunk_0061; 16_WHO_Physical_Activity_Guidelines_2020_chunk_0157; 16_WHO_Physical_Activity_Guidelines_2020_chunk_0067; 16_WHO_Physical_Activity_Guidelines_2020_chunk_0160; WHO guideline for non-surgical_chunk_0055; 09_WHO_PIR_Annex_Module2_Evidence_Tables_chunk_0222; 16_WHO_Physical_Activity_Guidelines_2020_chunk_0055; 16_WHO_Physical_Activity_Guidelines_2020_chunk_0031,WHO'ya göre 18–64 yaş yetişkinlerde kas güçlendirme aktiviteleri haftada en az kaç gün yapılmalıdır?,"According to WHO, what is the minimum weekly frequency of muscle strengthening activities for adults aged 18-64 years? age","According to WHO, what is the minimum weekly frequency of muscle strengthening activities for adults aged 18-64 years? age per week weekly frequency age age group"
NEW-028,Physical Activity – Adults,Dense-only,16_WHO_Physical_Activity_Guidelines_2020_chunk_0099,1,8,8,0.0,0.0,0.0,0.0,1.0,0.125,0.0,0.3155,1341.1,True,16_WHO_Physical_Activity_Guidelines_2020_chunk_0092; 16_WHO_Physical_Activity_Guidelines_2020_chunk_0141; 16_WHO_Physical_Activity_Guidelines_2020_chunk_0055; 16_WHO_Physical_Activity_Guidelines_2020_chunk_0041; 16_WHO_Physical_Activity_Guidelines_2020_chunk_0024; 16_WHO_Physical_Activity_Guidelines_2020_chunk_0030; 16_WHO_Physical_Activity_Guidelines_2020_chunk_0022; 16_WHO_Physical_Activity_Guidelines_2020_chunk_0099; 16_WHO_Physical_Activity_Guidelines_2020_chunk_0102; 16_WHO_Physical_Activity_Guidelines_2020_chunk_0100,WHO'ya göre 18–64 yaş yetişkinlerde kas güçlendirme aktiviteleri haftada en az kaç gün yapılmalıdır?,"According to WHO, what is the minimum weekly frequency of muscle strengthening activities for adults aged 18-64 years? age","According to WHO, what is the minimum weekly frequency of muscle strengthening activities for adults aged 18-64 years? age per week weekly frequency age age group"
NEW-028,Physical Activity – Adults,Dense+BM25 RRF,16_WHO_Physical_Activity_Guidelines_2020_chunk_0099,1,7,7,0.0,0.0,0.0,0.0,1.0,0.1429,0.0,0.3333,0.3,True,16_WHO_Physical_Activity_Guidelines_2020_chunk_0141; 16_WHO_Physical_Activity_Guidelines_2020_chunk_0092; 16_WHO_Physical_Activity_Guidelines_2020_chunk_0055; 16_WHO_Physical_Activity_Guidelines_2020_chunk_0041; 16_WHO_Physical_Activity_Guidelines_2020_chunk_0020; 16_WHO_Physical_Activity_Guidelines_2020_chunk_0031; 16_WHO_Physical_Activity_Guidelines_2020_chunk_0099; 16_WHO_Physical_Activity_Guidelines_2020_chunk_0102; 16_WHO_Physical_Activity_Guidelines_2020_chunk_0025; 16_WHO_Physical_Activity_Guidelines_2020_chunk_0160,WHO'ya göre 18–64 yaş yetişkinlerde kas güçlendirme aktiviteleri haftada en az kaç gün yapılmalıdır?,"According to WHO, what is the minimum weekly frequency of muscle strengthening activities for adults aged 18-64 years? age","According to WHO, what is the minimum weekly frequency of muscle strengthening activities for adults aged 18-64 years? age per week weekly frequency age age group"
NEW-028,Physical Activity – Adults,RRF+Reranker,16_WHO_Physical_Activity_Guidelines_2020_chunk_0099,1,1,1,1.0,1.0,1.0,1.0,1.0,1.0,1.0,1.0,3595.8,True,16_WHO_Physical_Activity_Guidelines_2020_chunk_0099; 16_WHO_Physical_Activity_Guidelines_2020_chunk_0025; 16_WHO_Physical_Activity_Guidelines_2020_chunk_0102; 16_WHO_Physical_Activity_Guidelines_2020_chunk_0141; 16_WHO_Physical_Activity_Guidelines_2020_chunk_0055; 16_WHO_Physical_Activity_Guidelines_2020_chunk_0160; 16_WHO_Physical_Activity_Guidelines_2020_chunk_0092; 16_WHO_Physical_Activity_Guidelines_2020_chunk_0124; 16_WHO_Physical_Activity_Guidelines_2020_chunk_0041; 16_WHO_Physical_Activity_Guidelines_2020_chunk_0031,WHO'ya göre 18–64 yaş yetişkinlerde kas güçlendirme aktiviteleri haftada en az kaç gün yapılmalıdır?,"According to WHO, what is the minimum weekly frequency of muscle strengthening activities for adults aged 18-64 years? age","According to WHO, what is the minimum weekly frequency of muscle strengthening activities for adults aged 18-64 years? age per week weekly frequency age age group"
NEW-029,TKA,BM25-only,Clinical practice guideline for physical therapist_chunk_0011,1,16,16,0.0,0.0,0.0,0.0,0.0,0.0625,0.0,0.0,61.3,True,Clinical practice guideline for physical therapist_chunk_0051; Clinical practice guideline for physical therapist_chunk_0064; Clinical practice guideline for physical therapist_chunk_0048; Clinical practice guideline for physical therapist_chunk_0049; Clinical practice guideline for physical therapist_chunk_0059; Clinical practice guideline for physical therapist_chunk_0062; Clinical practice guideline for physical therapist_chunk_0060; Clinical practice guideline for physical therapist_chunk_0052; Clinical practice guideline for physical therapist_chunk_0053; Clinical practice guideline for physical therapist_chunk_0050,"Primer, komplikasyonsuz TKA sonrası diz ROM'unu optimize etmek için hangi egzersiz türlerinin birlikte uygulanması önerilmektedir?",What types of exercise should be combined to optimize knee range of motion following uncomplicated primary total knee arthroplasty?,What types of exercise should be combined to optimize knee range of motion following uncomplicated primary total knee arthroplasty? exercise exercise training exercise program range of motion ROM knee
NEW-029,TKA,Dense-only,Clinical practice guideline for physical therapist_chunk_0011,1,2,2,0.0,0.0,1.0,1.0,1.0,0.5,0.6309,0.6309,1395.0,True,Clinical practice guideline for physical therapist_chunk_0051; Clinical practice guideline for physical therapist_chunk_0011; Clinical practice guideline for physical therapist_chunk_0059; Clinical practice guideline for physical therapist_chunk_0053; Clinical practice guideline for physical therapist_chunk_0061; Clinical practice guideline for physical therapist_chunk_0060; Clinical practice guideline for physical therapist_chunk_0052; Clinical practice guideline for physical therapist_chunk_0057; Clinical practice guideline for physical therapist_chunk_0056; Clinical practice guideline for physical therapist_chunk_0050,"Primer, komplikasyonsuz TKA sonrası diz ROM'unu optimize etmek için hangi egzersiz türlerinin birlikte uygulanması önerilmektedir?",What types of exercise should be combined to optimize knee range of motion following uncomplicated primary total knee arthroplasty?,What types of exercise should be combined to optimize knee range of motion following uncomplicated primary total knee arthroplasty? exercise exercise training exercise program range of motion ROM knee
NEW-029,TKA,Dense+BM25 RRF,Clinical practice guideline for physical therapist_chunk_0011,1,7,7,0.0,0.0,0.0,0.0,1.0,0.1429,0.0,0.3333,0.1,True,Clinical practice guideline for physical therapist_chunk_0051; Clinical practice guideline for physical therapist_chunk_0059; Clinical practice guideline for physical therapist_chunk_0053; Clinical practice guideline for physical therapist_chunk_0060; Clinical practice guideline for physical therapist_chunk_0052; Clinical practice guideline for physical therapist_chunk_0061; Clinical practice guideline for physical therapist_chunk_0011; Clinical practice guideline for physical therapist_chunk_0048; Clinical practice guideline for physical therapist_chunk_0062; Clinical practice guideline for physical therapist_chunk_0049,"Primer, komplikasyonsuz TKA sonrası diz ROM'unu optimize etmek için hangi egzersiz türlerinin birlikte uygulanması önerilmektedir?",What types of exercise should be combined to optimize knee range of motion following uncomplicated primary total knee arthroplasty?,What types of exercise should be combined to optimize knee range of motion following uncomplicated primary total knee arthroplasty? exercise exercise training exercise program range of motion ROM knee
NEW-029,TKA,RRF+Reranker,Clinical practice guideline for physical therapist_chunk_0011,1,1,1,1.0,1.0,1.0,1.0,1.0,1.0,1.0,1.0,4533.9,True,Clinical practice guideline for physical therapist_chunk_0011; Clinical practice guideline for physical therapist_chunk_0053; Clinical practice guideline for physical therapist_chunk_0048; Clinical practice guideline for physical therapist_chunk_0051; Clinical practice guideline for physical therapist_chunk_0059; Clinical practice guideline for physical therapist_chunk_0057; 10_WHO_PIR_Annex_Module3_Evidence_Tables_chunk_0212; Clinical practice guideline for physical therapist_chunk_0060; Clinical practice guideline for physical therapist_chunk_0062; Clinical practice guideline for physical therapist_chunk_0058,"Primer, komplikasyonsuz TKA sonrası diz ROM'unu optimize etmek için hangi egzersiz türlerinin birlikte uygulanması önerilmektedir?",What types of exercise should be combined to optimize knee range of motion following uncomplicated primary total knee arthroplasty?,What types of exercise should be combined to optimize knee range of motion following uncomplicated primary total knee arthroplasty? exercise exercise training exercise program range of motion ROM knee
NEW-030,TKA,BM25-only,Clinical practice guideline for physical therapist_chunk_0011,1,1,1,1.0,1.0,1.0,1.0,1.0,1.0,1.0,1.0,58.9,True,Clinical practice guideline for physical therapist_chunk_0011; Clinical practice guideline for physical therapist_chunk_0021; Clinical practice guideline for physical therapist_chunk_0013; Clinical practice guideline for physical therapist_chunk_0064; Clinical practice guideline for physical therapist_chunk_0012; Clinical practice guideline for physical therapist_chunk_0022; Clinical practice guideline for physical therapist_chunk_0051; Clinical practice guideline for physical therapist_chunk_0052; Clinical practice guideline for physical therapist_chunk_0059; Clinical practice guideline for physical therapist_chunk_0055,"Primer, komplikasyonsuz TKA sonrası erken dönemde diz ROM'unu artırmak amacıyla rutin olarak hangi iki uygulamanın kullanılmaması önerilmektedir?","In early postoperative uncomplicated TKA, which two interventions should be avoided when routinely used to improve knee range of motion?","In early postoperative uncomplicated TKA, which two interventions should be avoided when routinely used to improve knee range of motion? range of motion ROM knee"
NEW-030,TKA,Dense-only,Clinical practice guideline for physical therapist_chunk_0011,1,1,1,1.0,1.0,1.0,1.0,1.0,1.0,1.0,1.0,1358.1,True,Clinical practice guideline for physical therapist_chunk_0011; Clinical practice guideline for physical therapist_chunk_0012; Clinical practice guideline for physical therapist_chunk_0015; Clinical practice guideline for physical therapist_chunk_0025; Clinical practice guideline for physical therapist_chunk_0033; Clinical practice guideline for physical therapist_chunk_0029; Clinical practice guideline for physical therapist_chunk_0039; Clinical practice guideline for physical therapist_chunk_0022; Clinical practice guideline for physical therapist_chunk_0037; Clinical practice guideline for physical therapist_chunk_0020,"Primer, komplikasyonsuz TKA sonrası erken dönemde diz ROM'unu artırmak amacıyla rutin olarak hangi iki uygulamanın kullanılmaması önerilmektedir?","In early postoperative uncomplicated TKA, which two interventions should be avoided when routinely used to improve knee range of motion?","In early postoperative uncomplicated TKA, which two interventions should be avoided when routinely used to improve knee range of motion? range of motion ROM knee"
NEW-030,TKA,Dense+BM25 RRF,Clinical practice guideline for physical therapist_chunk_0011,1,1,1,1.0,1.0,1.0,1.0,1.0,1.0,1.0,1.0,0.1,True,Clinical practice guideline for physical therapist_chunk_0011; Clinical practice guideline for physical therapist_chunk_0012; Clinical practice guideline for physical therapist_chunk_0021; Clinical practice guideline for physical therapist_chunk_0022; Clinical practice guideline for physical therapist_chunk_0033; Clinical practice guideline for physical therapist_chunk_0015; Clinical practice guideline for physical therapist_chunk_0013; Clinical practice guideline for physical therapist_chunk_0052; Clinical practice guideline for physical therapist_chunk_0051; 10_WHO_PIR_Annex_Module3_Evidence_Tables_chunk_0212,"Primer, komplikasyonsuz TKA sonrası erken dönemde diz ROM'unu artırmak amacıyla rutin olarak hangi iki uygulamanın kullanılmaması önerilmektedir?","In early postoperative uncomplicated TKA, which two interventions should be avoided when routinely used to improve knee range of motion?","In early postoperative uncomplicated TKA, which two interventions should be avoided when routinely used to improve knee range of motion? range of motion ROM knee"
NEW-030,TKA,RRF+Reranker,Clinical practice guideline for physical therapist_chunk_0011,1,1,1,1.0,1.0,1.0,1.0,1.0,1.0,1.0,1.0,4559.9,True,Clinical practice guideline for physical therapist_chunk_0011; Clinical practice guideline for physical therapist_chunk_0012; Clinical practice guideline for physical therapist_chunk_0024; Clinical practice guideline for physical therapist_chunk_0014; Clinical practice guideline for physical therapist_chunk_0020; Clinical practice guideline for physical therapist_chunk_0025; Clinical practice guideline for physical therapist_chunk_0021; Clinical practice guideline for physical therapist_chunk_0019; Clinical practice guideline for physical therapist_chunk_0015; Clinical practice guideline for physical therapist_chunk_0030,"Primer, komplikasyonsuz TKA sonrası erken dönemde diz ROM'unu artırmak amacıyla rutin olarak hangi iki uygulamanın kullanılmaması önerilmektedir?","In early postoperative uncomplicated TKA, which two interventions should be avoided when routinely used to improve knee range of motion?","In early postoperative uncomplicated TKA, which two interventions should be avoided when routinely used to improve knee range of motion? range of motion ROM knee"
NEW-031,TKA,BM25-only,Clinical practice guideline for physical therapist_chunk_0032,1,3,3,0.0,0.0,1.0,1.0,1.0,0.3333,0.5,0.5,46.7,True,Clinical practice guideline for physical therapist_chunk_0033; Physical Therapist Management of Parkinson Disease_chunk_0031; Clinical practice guideline for physical therapist_chunk_0032; Physical Therapist Management of Parkinson Disease_chunk_0036; 16_WHO_Physical_Activity_Guidelines_2020_chunk_0144; 16_WHO_Physical_Activity_Guidelines_2020_chunk_0152; Physical Therapist Management of Parkinson Disease_chunk_0032; 03_WHO_PIR_Module3_Neurological_chunk_0450; Clinical practice guideline for physical therapist_chunk_0031; Physical Therapist Management of Parkinson Disease_chunk_0030,TKA sonrası direnç egzersizinin ilerlemesini yönlendirmek için hangi klinik göstergeler izlenmiştir?,What clinical indicators have been monitored to guide the progression of resistance exercise after TKA?,What clinical indicators have been monitored to guide the progression of resistance exercise after TKA? resistance resistance training resistive exercise
NEW-031,TKA,Dense-only,Clinical practice guideline for physical therapist_chunk_0032,1,8,8,0.0,0.0,0.0,0.0,1.0,0.125,0.0,0.3155,1598.3,True,Clinical practice guideline for physical therapist_chunk_0033; Clinical practice guideline for physical therapist_chunk_0029; Clinical practice guideline for physical therapist_chunk_0025; Clinical practice guideline for physical therapist_chunk_0027; Clinical practice guideline for physical therapist_chunk_0031; Clinical practice guideline for physical therapist_chunk_0011; Clinical practice guideline for physical therapist_chunk_0047; Clinical practice guideline for physical therapist_chunk_0032; Clinical practice guideline for physical therapist_chunk_0030; Clinical practice guideline for physical therapist_chunk_0050,TKA sonrası direnç egzersizinin ilerlemesini yönlendirmek için hangi klinik göstergeler izlenmiştir?,What clinical indicators have been monitored to guide the progression of resistance exercise after TKA?,What clinical indicators have been monitored to guide the progression of resistance exercise after TKA? resistance resistance training resistive exercise
NEW-031,TKA,Dense+BM25 RRF,Clinical practice guideline for physical therapist_chunk_0032,1,2,2,0.0,0.0,1.0,1.0,1.0,0.5,0.6309,0.6309,0.5,True,Clinical practice guideline for physical therapist_chunk_0033; Clinical practice guideline for physical therapist_chunk_0032; Clinical practice guideline for physical therapist_chunk_0031; Physical Therapist Management of Parkinson Disease_chunk_0036; Physical Therapist Management of Parkinson Disease_chunk_0029; Physical Therapist Management of Parkinson Disease_chunk_0032; Physical Therapist Management of Parkinson Disease_chunk_0030; Clinical practice guideline for physical therapist_chunk_0029; Clinical practice guideline for physical therapist_chunk_0025; Clinical practice guideline for physical therapist_chunk_0027,TKA sonrası direnç egzersizinin ilerlemesini yönlendirmek için hangi klinik göstergeler izlenmiştir?,What clinical indicators have been monitored to guide the progression of resistance exercise after TKA?,What clinical indicators have been monitored to guide the progression of resistance exercise after TKA? resistance resistance training resistive exercise
NEW-031,TKA,RRF+Reranker,Clinical practice guideline for physical therapist_chunk_0032,1,2,2,0.0,0.0,1.0,1.0,1.0,0.5,0.6309,0.6309,4455.0,True,Clinical practice guideline for physical therapist_chunk_0033; Clinical practice guideline for physical therapist_chunk_0032; Clinical practice guideline for physical therapist_chunk_0031; Clinical practice guideline for physical therapist_chunk_0025; Clinical practice guideline for physical therapist_chunk_0029; Clinical practice guideline for physical therapist_chunk_0027; Clinical practice guideline for physical therapist_chunk_0002; Clinical practice guideline for physical therapist_chunk_0060; Clinical practice guideline for physical therapist_chunk_0037; Clinical practice guideline for physical therapist_chunk_0026,TKA sonrası direnç egzersizinin ilerlemesini yönlendirmek için hangi klinik göstergeler izlenmiştir?,What clinical indicators have been monitored to guide the progression of resistance exercise after TKA?,What clinical indicators have been monitored to guide the progression of resistance exercise after TKA? resistance resistance training resistive exercise
NEW-032,Traumatic Injury,BM25-only,rehabilitation-after-traumatic-injury-pdf-66143770162117_chunk_0083,1,1,1,1.0,1.0,1.0,1.0,1.0,1.0,1.0,1.0,64.2,True,rehabilitation-after-traumatic-injury-pdf-66143770162117_chunk_0083; rehabilitation-after-traumatic-injury-pdf-66143770162117_chunk_0136; rehabilitation-after-traumatic-injury-pdf-66143770162117_chunk_0145; 07_WHO_PIR_Module7_Malignant_Neoplasm_chunk_0093; 02_WHO_PIR_Module2_Musculoskeletal_chunk_0258; rehabilitation-after-traumatic-injury-pdf-66143770162117_chunk_0080; 03_WHO_PIR_Module3_Neurological_chunk_0021; rehabilitation-after-traumatic-injury-pdf-66143770162117_chunk_0009; 03_WHO_PIR_Module3_Neurological_chunk_0526; rehabilitation-after-traumatic-injury-pdf-66143770162117_chunk_0081,Uzuv kaybı veya amputasyon sonrası hareket açıklığı ve kuvveti korumak/geliştirmek için rehabilitasyona hangi üç bileşenin dahil edilmesi önerilmektedir?,What three components should be included in rehabilitation to maintain or improve range of motion and muscle strength following limb loss or amputation? movement,What three components should be included in rehabilitation to maintain or improve range of motion and muscle strength following limb loss or amputation? movement range of motion ROM movement movement training strength muscle strength
NEW-032,Traumatic Injury,Dense-only,rehabilitation-after-traumatic-injury-pdf-66143770162117_chunk_0083,1,1,1,1.0,1.0,1.0,1.0,1.0,1.0,1.0,1.0,1430.5,True,rehabilitation-after-traumatic-injury-pdf-66143770162117_chunk_0083; rehabilitation-after-traumatic-injury-pdf-66143770162117_chunk_0145; rehabilitation-after-traumatic-injury-pdf-66143770162117_chunk_0009; 09_WHO_PIR_Annex_Module2_Evidence_Tables_chunk_0259; 02_WHO_PIR_Module2_Musculoskeletal_chunk_0175; 09_WHO_PIR_Annex_Module2_Evidence_Tables_chunk_0260; rehabilitation-after-traumatic-injury-pdf-66143770162117_chunk_0081; 09_WHO_PIR_Annex_Module2_Evidence_Tables_chunk_0265; 09_WHO_PIR_Annex_Module2_Evidence_Tables_chunk_0300; 09_WHO_PIR_Annex_Module2_Evidence_Tables_chunk_0262,Uzuv kaybı veya amputasyon sonrası hareket açıklığı ve kuvveti korumak/geliştirmek için rehabilitasyona hangi üç bileşenin dahil edilmesi önerilmektedir?,What three components should be included in rehabilitation to maintain or improve range of motion and muscle strength following limb loss or amputation? movement,What three components should be included in rehabilitation to maintain or improve range of motion and muscle strength following limb loss or amputation? movement range of motion ROM movement movement training strength muscle strength
NEW-032,Traumatic Injury,Dense+BM25 RRF,rehabilitation-after-traumatic-injury-pdf-66143770162117_chunk_0083,1,1,1,1.0,1.0,1.0,1.0,1.0,1.0,1.0,1.0,0.1,True,rehabilitation-after-traumatic-injury-pdf-66143770162117_chunk_0083; rehabilitation-after-traumatic-injury-pdf-66143770162117_chunk_0145; rehabilitation-after-traumatic-injury-pdf-66143770162117_chunk_0009; rehabilitation-after-traumatic-injury-pdf-66143770162117_chunk_0136; rehabilitation-after-traumatic-injury-pdf-66143770162117_chunk_0081; rehabilitation-after-traumatic-injury-pdf-66143770162117_chunk_0080; 09_WHO_PIR_Annex_Module2_Evidence_Tables_chunk_0298; rehabilitation-after-traumatic-injury-pdf-66143770162117_chunk_0067; 02_WHO_PIR_Module2_Musculoskeletal_chunk_0184; 02_WHO_PIR_Module2_Musculoskeletal_chunk_0076,Uzuv kaybı veya amputasyon sonrası hareket açıklığı ve kuvveti korumak/geliştirmek için rehabilitasyona hangi üç bileşenin dahil edilmesi önerilmektedir?,What three components should be included in rehabilitation to maintain or improve range of motion and muscle strength following limb loss or amputation? movement,What three components should be included in rehabilitation to maintain or improve range of motion and muscle strength following limb loss or amputation? movement range of motion ROM movement movement training strength muscle strength
NEW-032,Traumatic Injury,RRF+Reranker,rehabilitation-after-traumatic-injury-pdf-66143770162117_chunk_0083,1,1,1,1.0,1.0,1.0,1.0,1.0,1.0,1.0,1.0,4042.1,True,rehabilitation-after-traumatic-injury-pdf-66143770162117_chunk_0083; rehabilitation-after-traumatic-injury-pdf-66143770162117_chunk_0080; rehabilitation-after-traumatic-injury-pdf-66143770162117_chunk_0081; 02_WHO_PIR_Module2_Musculoskeletal_chunk_0176; rehabilitation-after-traumatic-injury-pdf-66143770162117_chunk_0145; 09_WHO_PIR_Annex_Module2_Evidence_Tables_chunk_0300; rehabilitation-after-traumatic-injury-pdf-66143770162117_chunk_0064; rehabilitation-after-traumatic-injury-pdf-66143770162117_chunk_0009; 09_WHO_PIR_Annex_Module2_Evidence_Tables_chunk_0298; rehabilitation-after-traumatic-injury-pdf-66143770162117_chunk_0136,Uzuv kaybı veya amputasyon sonrası hareket açıklığı ve kuvveti korumak/geliştirmek için rehabilitasyona hangi üç bileşenin dahil edilmesi önerilmektedir?,What three components should be included in rehabilitation to maintain or improve range of motion and muscle strength following limb loss or amputation? movement,What three components should be included in rehabilitation to maintain or improve range of motion and muscle strength following limb loss or amputation? movement range of motion ROM movement movement training strength muscle strength
NEW-033,Spinal Cord Injury,BM25-only,An Australian and New Zealand clinical practice guideline for_chunk_0016,1,1,1,1.0,1.0,1.0,1.0,1.0,1.0,1.0,1.0,53.9,True,An Australian and New Zealand clinical practice guideline for_chunk_0016; An Australian and New Zealand clinical practice guideline for_chunk_0024; 10_WHO_PIR_Annex_Module3_Evidence_Tables_chunk_0311; 03_WHO_PIR_Module3_Neurological_chunk_0251; 10_WHO_PIR_Annex_Module3_Evidence_Tables_chunk_0405; 10_WHO_PIR_Annex_Module3_Evidence_Tables_chunk_0327; An Australian and New Zealand clinical practice guideline for_chunk_0025; 03_WHO_PIR_Module3_Neurological_chunk_0335; 10_WHO_PIR_Annex_Module3_Evidence_Tables_chunk_0338; 03_WHO_PIR_Module3_Neurological_chunk_0250,Omurilik yaralanmasında paralize olmayan ve kısmen paralize kasların kuvvetini artırmak için hangi müdahale desteklenmektedir?,What is the recommended therapeutic intervention to increase the strength of non-paralysed and partially paralysed muscles in spinal cord injury?,What is the recommended therapeutic intervention to increase the strength of non-paralysed and partially paralysed muscles in spinal cord injury? intervention therapeutic intervention
NEW-033,Spinal Cord Injury,Dense-only,An Australian and New Zealand clinical practice guideline for_chunk_0016,1,14,14,0.0,0.0,0.0,0.0,0.0,0.0714,0.0,0.0,1467.4,True,10_WHO_PIR_Annex_Module3_Evidence_Tables_chunk_0008; 03_WHO_PIR_Module3_Neurological_chunk_0249; 10_WHO_PIR_Annex_Module3_Evidence_Tables_chunk_0405; 10_WHO_PIR_Annex_Module3_Evidence_Tables_chunk_0338; rehabilitation-after-traumatic-injury-pdf-66143770162117_chunk_0152; An Australian and New Zealand clinical practice guideline for_chunk_0024; 10_WHO_PIR_Annex_Module3_Evidence_Tables_chunk_0303; An Australian and New Zealand clinical practice guideline for_chunk_0025; VADOD-2024-Stroke-Rehab-CPG-Full-CPG_final_508_chunk_0401; 10_WHO_PIR_Annex_Module3_Evidence_Tables_chunk_0308,Omurilik yaralanmasında paralize olmayan ve kısmen paralize kasların kuvvetini artırmak için hangi müdahale desteklenmektedir?,What is the recommended therapeutic intervention to increase the strength of non-paralysed and partially paralysed muscles in spinal cord injury?,What is the recommended therapeutic intervention to increase the strength of non-paralysed and partially paralysed muscles in spinal cord injury? intervention therapeutic intervention
NEW-033,Spinal Cord Injury,Dense+BM25 RRF,An Australian and New Zealand clinical practice guideline for_chunk_0016,1,4,4,0.0,0.0,0.0,1.0,1.0,0.25,0.4307,0.4307,0.2,True,10_WHO_PIR_Annex_Module3_Evidence_Tables_chunk_0405; An Australian and New Zealand clinical practice guideline for_chunk_0024; 10_WHO_PIR_Annex_Module3_Evidence_Tables_chunk_0338; An Australian and New Zealand clinical practice guideline for_chunk_0016; An Australian and New Zealand clinical practice guideline for_chunk_0025; 10_WHO_PIR_Annex_Module3_Evidence_Tables_chunk_0303; 03_WHO_PIR_Module3_Neurological_chunk_0251; rehabilitation-after-traumatic-injury-pdf-66143770162117_chunk_0092; rehabilitation-after-traumatic-injury-pdf-66143770162117_chunk_0152; 10_WHO_PIR_Annex_Module3_Evidence_Tables_chunk_0308,Omurilik yaralanmasında paralize olmayan ve kısmen paralize kasların kuvvetini artırmak için hangi müdahale desteklenmektedir?,What is the recommended therapeutic intervention to increase the strength of non-paralysed and partially paralysed muscles in spinal cord injury?,What is the recommended therapeutic intervention to increase the strength of non-paralysed and partially paralysed muscles in spinal cord injury? intervention therapeutic intervention
NEW-033,Spinal Cord Injury,RRF+Reranker,An Australian and New Zealand clinical practice guideline for_chunk_0016,1,1,1,1.0,1.0,1.0,1.0,1.0,1.0,1.0,1.0,4313.8,True,An Australian and New Zealand clinical practice guideline for_chunk_0016; 10_WHO_PIR_Annex_Module3_Evidence_Tables_chunk_0338; 10_WHO_PIR_Annex_Module3_Evidence_Tables_chunk_0376; 10_WHO_PIR_Annex_Module3_Evidence_Tables_chunk_0008; 03_WHO_PIR_Module3_Neurological_chunk_0249; 03_WHO_PIR_Module3_Neurological_chunk_0251; rehabilitation-after-traumatic-injury-pdf-66143770162117_chunk_0092; rehabilitation-after-traumatic-injury-pdf-66143770162117_chunk_0152; An Australian and New Zealand clinical practice guideline for_chunk_0025; 10_WHO_PIR_Annex_Module3_Evidence_Tables_chunk_0405,Omurilik yaralanmasında paralize olmayan ve kısmen paralize kasların kuvvetini artırmak için hangi müdahale desteklenmektedir?,What is the recommended therapeutic intervention to increase the strength of non-paralysed and partially paralysed muscles in spinal cord injury?,What is the recommended therapeutic intervention to increase the strength of non-paralysed and partially paralysed muscles in spinal cord injury? intervention therapeutic intervention
